Layer,Name,GEOID,Population,VRFIR_2019-2023,VRFIR_2019-2023_se,HCSRC_2023-2024,HCSRC_2023-2024_se,HCSPCP_2023-2024,HCSPCP_2023-2024_se,UNS_2019-2023,UNS_2019-2023_se,HCSNC_2023-2024,HCSNC_2023-2024_se,CZA_2024,CZA_2024_se,CZD_2024,CZD_2024_se,CZH_2024,CZH_2024_se,CZM_2024,CZM_2024_se,CZR_2024,CZR_2024_se,CZS_2024,CZS_2024_se,CZV_2024,CZV_2024_se,HCSNVP_2023-2024,HCSNVP_2023-2024_se,CHAOVXP_2018-2022,CHAOVXP_2018-2022_se,HTJ_2019-2023,HTJ_2019-2023_se,FAI_2020,FAI_2020_se,LFA_2019,LFA_2019_se,PCP_2011,PCP_2011_se,HCSHYT_2023-2024,HCSHYT_2023-2024_se,VRBW_2019-2023,VRBW_2019-2023_se,HCSNS_2023-2024,HCSNS_2023-2024_se,HCSTLE_2023-2024,HCSTLE_2023-2024_se,HCSTLG_2023-2024,HCSTLG_2023-2024_se,EDB_2019-2023,EDB_2019-2023_se,EDA_2019-2023,EDA_2019-2023_se,UMP_2019-2023,UMP_2019-2023_se,HTA_2019-2023,HTA_2019-2023_se,INC_2019-2023,INC_2019-2023_se,PCI_2019-2023,PCI_2019-2023_se,POV_2019-2023,POV_2019-2023_se,SNQ_2019-2023,SNQ_2019-2023_se,TNF_2019-2023,TNF_2019-2023_se,VRTEEN_2019-2023,VRTEEN_2019-2023_se,FOR_2019-2023,FOR_2019-2023_se,LEQ_2019-2023,LEQ_2019-2023_se,PCT-W_2019-2023,PCT-W_2019-2023_se,POP_2019-2023,POP_2019-2023_se,VRSU_2019-2023,VRSU_2019-2023_se,VRDO_2019-2023,VRDO_2019-2023_se,VFHO_2019-2023,VFHO_2019-2023_se,VRFI_2019-2023,VRFI_2019-2023_se,VRHOR_2019-2023,VRHOR_2019-2023_se,VRLE_2023,VRLE_2023_se
(Indicator name),,,,"Firearm-related homicide mortality rate (per 100,000 population), 2019-2023",(Standard error),"Routine checkup (count of adults), 2023-2024",(Standard error),"Primary care provider (count of adults), 2023-2024",(Standard error),"Uninsured rate (% of residents), 2019-2023",(Standard error),"Received needed care (count of adults), 2023-2024",(Standard error),"Aggravated assault/battery (crimes), 2024",(Standard error),"Drug abuse (crimes), 2024",(Standard error),"Homicide (crimes), 2024",(Standard error),"Major crime (crimes), 2024",(Standard error),"Robbery (crimes), 2024",(Standard error),"Criminal sexual assault (crimes), 2024",(Standard error),"Violent crime (crimes), 2024",(Standard error),"Perceived neighborhood violence rate (% of adults), 2023-2024",(Standard error),"Households (count of households), 2018-2022",(Standard error),"Crowded housing (% of occupied housing units), 2019-2023",(Standard error),"Food insecurity (% of residents), 2020",(Standard error),"Low food access (% of residents), 2019",(Standard error),"Primary care physicians (physicians), 2011",(Standard error),"Hypertension (count of adults), 2023-2024",(Standard error),"Low birthweight (count of births), 2019-2023",(Standard error),"Perceived neighborhood safety (count of adults), 2023-2024",(Standard error),"Trust in law enforcement (counts of adults), 2023-2024",(Standard error),"Trust in local government (counts of adults), 2023-2024",(Standard error),"High school graduation rate (% of residents), 2019-2023",(Standard error),"9th grade education rate (% of residents), 2019-2023",(Standard error),"Unemployment rate (%), 2019-2023",(Standard error),"Single-parent households (% of households), 2019-2023",(Standard error),"Median household income, 2019-2023",(Standard error),"Per capita income, 2019-2023",(Standard error),"Poverty rate (% of residents), 2019-2023",(Standard error),"Households in poverty not receiving food stamps (SNAP) (% of households below the poverty line), 2019-2023",(Standard error),"Public assistance income (cash welfare) (% of households), 2019-2023",(Standard error),"Teen births (count of births), 2019-2023",(Standard error),"Foreign born (% of residents), 2019-2023",(Standard error),"Limited English proficiency (% of residents), 2019-2023",(Standard error),"Demographics, Non-Hispanic White (% of residents), 2019-2023",(Standard error),"Population (residents), 2019-2023",(Standard error),"Suicide mortality (count of deaths), 2019-2023",(Standard error),"Drug overdose mortality (count of deaths), 2019-2023",(Standard error),"Homicide mortality (count of deaths), 2019-2023",(Standard error),"Firearm-related homicide mortality (count of deaths), 2019-2023",(Standard error),"Homicide mortality rate (per 100,000 population), 2019-2023",(Standard error),"Life expectancy (years), 2023",(Standard error)
(Definition),,,,"Age-adjusted rate of people who died due to firearm-related homicide.",,"Number of adults who visited a doctor or health care provider for a routine checkup in the past year.",,"Number of adults who report that they have at least one person they think of as their personal doctor or health care provider.",,"Percent of residents without health insurance (at the time of the survey).",,"Number of adults who report that it is 'usually' or 'always' easy to get the care, tests or treatment they needed through their health plan.",,"Aggravated assault and aggravated battery crimes. Aggravated assault is an unlawful attack by one person upon another, wherein the offender displays a weapon in a threatening manner. Aggravated battery is the physical attack itself, wherein the offender uses a weapon or the victim suffers obvious severe or aggravated bodily injury involving apparent broken bones, loss of teeth, possible internal injury, severe laceration, or loss of consciousness.",,"Drug abuse crimes. Drug abuse is defined as the violation of laws prohibiting the production, distribution, and/or use of certain controlled substances and the equipment or devices utilized in their preparation and/or use. While not defined as a major crime, drug abuse rates are included here to show policing and enforcement patterns that may be disproportate to the true underlying rate of use by different populations.",,"First and second degree murder cases.",,"The most serious offenses, also known as index crimes. Includes homicide, criminal sexual assault, robbery, aggravated assault, aggravated battery, burglary, larceny, vehicle theft, and arson.",,"Robbery crimes. Robbery is defined as the taking or attempting to take anything of value under confrontational circumstances from the control, custody, or care of another person by force or threat of force or violence and/or by putting the victim in fear of immediate harm.",,"Criminal sexual assault crimes. Criminal sexual assault is defined as any sexual act directed against another person, forcibly and/or against that person's will or not forcibly or against the person's will in instances where the victim is incapable of giving consent, including and especially rape.",,"Crimes related to violence. Includes homicide, criminal sexual assault, robbery, aggravated assault, and aggravated battery.",,"Percent of adults who reported violence occurs in their neighborhood 'every day' or 'at least every week'",,"The composition of households.",,"Percent of occupied housing units with more than one occupant per room (e.g. three occupants in a one-bedroom apartment).",,"Percentage of the population experiencing food insecurity at some point. Food insecurity is the household-level economic and social condition of limited or uncertain access to adequate food, as represented in USDA food-security reports. 2020 data is a projection based on 11.5% national unemployment and 16.5% national poverty rate.",,"Percent of residents who have low access to food, defined solely by distance: further than 1/2 mile from the nearest supermarket in an urban area, or further than 10 miles in a rural area.",,"Number of clinically active primary care physicians. Includes hospital residents. Excludes federal physicians and physicians age 75 or older.",,"Number of adults who reported that a doctor, nurse or other health professional has diagnosed them with high blood pressure (excludes borderline high, pre-hypertensive or hypertension diagnosed only during pregnancy) .",,"Number of births with birthweight less than 2500 grams (5.5 pounds).",,"Number of adults who report that they feel safe in their neighborhood 'all of the time' or 'most of the time'.",,"Number of adults who reported they trust their local law enforcement agency 'a great extent' or 'somewhat'",,"Number of adults who reported they trust their local government to do what is right for their community 'a great extent' or 'somewhat'",,"Residents 25 or older with at least a high school degree: including GED and any higher education",,"Residents 25 or older with at least a 9th grade education",,"Percent of residents 16 and older in the civilian labor force who are actively seeking employment.",,"Percentage of households that have children present and are headed by a single parent (mother or father), with no partner present.",,"Income in the past 12 months.",,"Income in the past 12 months.",,"Percent of residents in families that are in poverty (below the Federal Poverty Level).",,"Percent of households with income in the past 12 months below the poverty level who did not receive food stamps/SNAP in the past 12 months.",,"Percent of households reporting public assistance income over the past 12 months. This includes general assistance and Temporary Aid to Needy Families (TANF), or cash public assistance. This excludes Supplemental Security Income (SSI) and noncash benefits such as food stamps.",,"Number of births where the mother is aged 15-19 years at time of delivery.",,"Percent of residents who were not U.S. citizens at the time of birth (includes both naturalized citizens and those who are not currently citizens).",,"Percentage of residents 5 years and older who do not speak English 'very well'.",,"Percent of residents within each demographic group. Use this topic to explore age, gender, and racial/ethnic breakdowns.",,"Average population over the time period.",,"Number of people who died due to suicide.",,"Number of people who died due to drug overdose.",,"Number of people who died due to homicide.",,"Number of people who died due to firearm-related homicide.",,"Age-adjusted rate of people who died due to homicide.",,"The average number of years a person may expect to live.",
(Citation),,,,"Illinois Department of Public Health, Death Certificate Data Files",,"Chicago Department of Public Health, Healthy Chicago Survey",,"Chicago Department of Public Health, Healthy Chicago Survey",,"American Community Survey (Tables B27001/C27001)",,"Chicago Department of Public Health, Healthy Chicago Survey",,"Crime data portal",,"Crime data portal",,"Crime data portal",,"Crime data portal",,"Crime data portal",,"Crime data portal",,"Crime data portal",,"Chicago Department of Public Health, Healthy Chicago Survey",,"American Community Survey (ACS)",,"American Community Survey (Table B25014)",,"Map the Meal Gap (Map the Meal Gap 2020)",,"USDA, Economic Research Service, Food Access Research Atlas (Food Access Research Atlas)",,"Area Health Resources Files (From the AMA Masterfiles via the HRSA Primary Care Service Area data (TG_DOC))",,"Chicago Department of Public Health, Healthy Chicago Survey",,"Illinois Department of Public Health, Birth Certificate Data Files",,"Chicago Department of Public Health, Healthy Chicago Survey",,"Chicago Department of Public Health, Healthy Chicago Survey",,"Chicago Department of Public Health, Healthy Chicago Survey",,"American Community Survey (Table B15002)",,"American Community Survey (ACS) (Table B15002)",,"American Community Survey (Tables B23025, B23001, and C23002)",,"American Community Survey (Table B11012)",,"American Community Survey (Table B19013)",,"American Community Survey (Table B19301)",,"American Community Survey (Table B17001)",,"American Community Survey (Table B22003)",,"American Community Survey (Table B19057)",,"Illinois Department of Public Health, Birth Certificate Data Files",,"American Community Survey (Table B05002)",,"American Community Survey (Table B16004)",,"American Community Survey (Table B01001)",,"American Community Survey (ACS: Table B01001; Decennial Census: Table P012)",,"Illinois Department of Public Health, Death Certificate Data Files",,"Illinois Department of Public Health, Death Certificate Data Files",,"Illinois Department of Public Health, Death Certificate Data Files",,"Illinois Department of Public Health, Death Certificate Data Files",,"Illinois Department of Public Health, Death Certificate Data Files",,"Illinois Department of Public Health, Death Certificate Data Files",
---,---,---,---,---,---,---,---,---,---,---,---,---,---,---,---,---,---,---,---,---,---,---,---,---,---,---,---,---,---,---,---,---,---,---,---,---,---,---,---,---,---,---,---,---,---,---,---,---,---,---,---,---,---,---,---,---,---,---,---,---,---,---,---,---,---,---,---,---,---,---,---,---,---,---,---,---,---,---,---,---,---,---,---,---,---,---,---,---,---
Community area,Rogers Park,1,55454,6.5,2.3,32700.0,4238.7090989,39400.0,4816.6656604,12.460040437016644,1.2456669521032504,29100.0,3923.4585081,163.7513217754412,,52.4309407768988,,5.487062036659399,,1760.9071977353642,,101.7077080024377,,27.257049954680006,,298.2031417692183,,34.801957182,5.0868521087,25474.497515,,5.024168519570001,1.2823623160888749,21.318699812198872,,5.678961566556456,,16.900512,,15600.0,3436.9568042,202.0,,39100.0,5008.6848383,15800.0,2641.5550457,19500.0,3174.9539481,89.86383172495925,3.2167952248498257,93.63819678443889,3.2756227996582523,6.220927395047369,1.2069671948580976,2.674186653622621,0.7060226878002325,58876.167675038574,3777.9044620142145,38184.30709579853,1548.140279046287,17.4494801100695,1.7852744777534517,61.99256522285772,4.680297696897806,4.400632420454388,0.8958092921112788,60.0,,23.932210602773804,1.7258274077956859,14.602505358199714,1.3119722305509804,45.330707203068265,1.8953478252406613,54255.11722206763,,27.0,,84.0,,20.0,,17.0,,6.5,2.9,77.29515555,
Community area,Norwood Park,10,41069,0.0,0.6,22400.0,3082.355859,22600.0,3091.8477065,3.663560943743238,0.8418089148438318,19500.0,2865.5942247,36.016278484275496,,5.473689927032182,,0.1290955808910799,,468.347596896533,,10.453459720939165,,7.108775366058021,,53.70760915216377,,15.594625306,5.0210097299,16275.212397,,1.056622502462732,0.7580058373655588,11.255016895152057,,57.98229505067905,,67.083546,,9500.0,2070.5471916,122.0,,20600.0,2903.5983226,19700.0,2873.5732169,13200.0,2417.9841308,93.20637992545319,2.0051338688209306,96.29544029854094,1.9650800759275218,4.219936634538581,1.2036895362127495,4.70499276225169,1.1541637910097529,111519.3461466861,5865.384297049181,53454.989282171104,2607.847234429045,6.5106523500017035,1.6160007195930062,94.31415335754778,27.093449097560917,3.348097468359236,0.8461036782412367,9.0,,20.7340569141052,1.559936465296797,14.284486841890024,1.1059740141698151,72.0717363638236,2.1417969617304733,41791.259018479745,,25.0,,31.0,,2.0,,1.0,,0.0,1.1,82.64341004,
Community area,Jefferson Park,11,26201,4.2,3.0,17100.0,2797.0825836,18500.0,2856.9048001,7.013656883451423,1.0058777160339707,13600.0,2277.734811,41.81714379305886,,14.266169367939488,,0.872541100292978,,476.96144501629107,,22.384794449816,,3.448513608532627,,68.52299295170046,,11.585224545,3.3870320536,10733.2006,,1.5508219107976213,0.832118000977465,12.999727397001367,,9.38820742416371,,15.96428,,6600.0,1294.3810559,93.0,,20500.0,3285.865316,16900.0,2992.6452597,8800.0,2180.2099066,92.26454361863694,2.6385837730722637,96.05028157191158,4.148571477690892,5.362913613022418,1.5263160634509028,4.783657150269154,1.5916054990708288,95955.59048267649,6286.18288298701,45726.074578048036,1772.8978189500283,5.9484729967871885,1.3714390179794933,66.70119685535546,7.1903401162046565,2.8066421547744493,1.4937949524561573,14.0,,25.254355272413694,2.2772441077203642,16.443521630918166,1.25176333330061,57.6594424912226,2.3469931270124196,26624.873413183028,,10.0,,23.0,,6.0,,5.0,,4.2,3.6,80.28693648,
Community area,Forest Glen,12,19579,0.0,1.6,10800.0,1766.5068806,12200.0,1867.7464831,6.17133603069892,1.366038970425431,11600.0,1832.0026699,24.598260538018952,,8.103395819418646,,0.7235222773240609,,377.9053203527857,,13.809781261210711,,3.1859279081777676,,42.31749198473149,,,,7030.9943751,,0.5346357487290451,0.8279240474070059,9.53156250500008,,17.519884553382333,,15.984578,,5600.0,1331.3062655,51.0,,12400.0,1869.2436337,12000.0,1860.5218284,7600.0,1485.7699939,96.12213334876965,4.930610901835493,97.46879850892145,4.984021136047293,4.3998403014275445,1.574783944739373,2.139855411141673,0.9562375133217019,142351.108879348,10379.72775316291,72270.5532814171,6950.682606289816,4.221761675000576,1.498344583865062,74.15965703064612,40.51096340606307,3.2000859409152005,1.5956120674119971,3.0,,17.744343787682865,2.30291452980246,13.842071272415549,1.607373307953021,73.42022627927145,2.9213128384644897,19506.99723779994,,12.0,,8.0,,1.0,,1.0,,0.0,1.6,82.39595435,
Community area,North Park,13,17522,6.3,4.1,9500.0,1946.631428,12300.0,2314.2233686,10.208930157806279,1.6562885012411663,7300.0,1544.9259218,73.18055810359596,,19.228066835901757,,2.5276123528822727,,813.91988200937,,50.52959934143564,,11.158356010435018,,137.39612580834887,,12.894402576,4.4759244324,6791.1415756,,5.9996180695248755,2.2898094089063603,15.913642377350907,,76.7781154091305,,18.292615,,6100.0,1634.1110976,68.0,,11400.0,2288.0520301,7900.0,1605.9841617,6300.0,1657.5089557,90.15341006067177,7.050432979199509,93.90158139284516,7.532414983696634,4.271074521262023,1.8099713770285613,5.59317387084609,1.8207883276104098,68943.20226435733,10006.88355834085,38200.33097677428,3049.125090021251,16.434458811927673,4.092206234918078,46.41905979552002,7.293830551453485,3.5285593624332403,1.54624124489051,11.0,,40.31871654149775,3.342701309483466,24.70965349077636,1.0689828844784894,42.81642473116129,4.095590390912174,18678.762797771207,,10.0,,8.0,,8.0,,6.0,,6.3,5.7,81.12446441,
Community area,Albany Park,14,48549,3.4,2.8,35200.0,4902.9949594,36100.0,4920.616597,18.83759543467433,1.7273798733356545,23500.0,3852.80051,71.52818609904614,,17.769254349071723,,2.3913750497204505,,704.4211276138157,,42.2758025031396,,10.81294523556444,,127.00830888747063,,23.009672438,5.4615768253,17147.607619,,4.078644705612862,0.9018453511021791,15.296628373026982,,3.897791362842775,,12.178538,,10500.0,2691.4137243,223.0,,27300.0,3985.2914069,18900.0,3043.9664205,17400.0,2945.8510032,81.7761815132278,2.8941375251791257,86.8434607222716,3.118832535918558,6.504810692534603,1.4188578845964925,5.956299958457396,1.157886137613536,83578.42430472354,5756.728732737083,40848.849293610474,2005.46848708712,13.618950810556399,1.7659523690441705,60.43192146851538,9.063230903821005,2.9810746204341125,0.7165876427945379,89.0,,38.89588003858317,2.4042205286543186,22.501835718918528,1.2136401303741249,33.61277452049545,1.7659663632447502,46804.284507540346,,22.0,,55.0,,18.0,,13.0,,3.4,3.5,80.71656419,
Community area,Portage Park,15,63038,1.6,1.6,37200.0,4578.0794145,43300.0,5383.1451097,12.551883241208404,0.926956717712262,30900.0,4440.9652569,129.8887174300125,,43.05852868645818,,1.1455166650941129,,1343.6253352126719,,78.71057143128866,,12.035257623539003,,221.78006314993428,,15.590499887,3.9060170323,23002.176294,,3.262852924572017,0.7394945997904293,13.791707908292093,,24.825778700209526,,38.987842,,19200.0,3287.0894816,267.0,,36500.0,4584.2830249,27900.0,4369.8990792,20700.0,3663.7376273,88.40360886614367,2.4804714408409834,93.81999423694253,3.304244997321411,4.531794460666926,0.8413552797973128,5.326814801679148,1.03581532384403,89727.84680108806,4610.5809601763085,41742.320663489234,1319.699017533346,9.688275443183121,1.2076844400647468,58.16067052666049,5.864855297427099,2.202305126695172,0.5630131410701541,69.0,,30.47893042270656,1.6106080390433517,21.38225118012462,0.777019067483151,48.31345348650228,1.7997699550429451,61811.44487970302,,39.0,,97.0,,15.0,,8.0,,4.9,2.5,80.16717719,
Community area,Irving Park,16,51911,1.8,1.8,26800.0,3340.7403987,27700.0,3271.9338806,10.184626445426579,0.8379800588277343,21800.0,2877.8519892,125.68125479094002,,32.948217029029195,,1.1737060293539678,,1523.803694237045,,91.19984432441345,,13.455191429310512,,231.50999657401792,,13.288071193,3.8803411523,21812.434559,,2.969514800716886,0.7766601120833235,12.46597523195046,,15.215599023258303,,11.978078,,12800.0,2424.2686523,248.0,,31100.0,3818.1809926,19900.0,3069.6859018,18600.0,2891.4190835,87.65789528852285,2.405235847394061,91.86807063490693,2.655013135743318,6.225681157604156,1.0719195745373407,6.022223315276754,1.169542993761647,89589.08389481352,5997.578063152141,48622.54895937907,1860.6165797902884,10.53274037488431,1.3552040713951403,62.91589433254933,7.247022522399922,2.9808798455196936,0.641646421491366,58.0,,26.153621942185065,1.5627167098084296,17.60976934192282,0.689681444725203,43.79454125399038,1.4664584544712356,53799.21724837432,,15.0,,59.0,,10.0,,7.0,,1.8,2.6,81.29441083,
Community area,Dunning,17,43120,5.3,2.7,26300.0,3433.4945938,27300.0,3537.3746058,8.340185887954489,0.9109774003979306,21000.0,3298.2247227,70.56235796361311,,15.097271242575287,,0.8260379003668573,,768.7093247270533,,36.21435397866892,,10.415151059399278,,118.01790090204817,,9.3702986251,2.9806395616,16188.408952,,2.570934858460028,0.9377625955396982,11.69204414198639,,47.36047938175431,,23.984867,,12500.0,2450.5231312,187.0,,26000.0,3595.7262972,22900.0,3428.224581,17200.0,3002.34325,89.0554349365489,2.1076166494470017,94.0534664411003,2.435718631846365,5.414150284103443,1.2296392359434039,4.080084452657444,1.0921052367284882,84669.03586641549,5510.011586330463,40403.493034329345,1542.298430434245,8.649306449718223,1.4204706945299053,83.26070050824279,6.661670951145062,2.4785985215939568,0.7634387334104543,38.0,,31.6280715284143,1.8183577988016741,22.317646684088693,1.0944973928969761,54.17743965943235,2.6369638615559317,41790.54391885413,,20.0,,50.0,,12.0,,10.0,,5.3,3.2,80.13487151,
Community area,Montclare,18,14412,0.0,3.4,7800.0,1379.4873866,9500.0,1602.847214,6.644562870260643,1.6278129978002502,6000.0,1077.678937,12.852788714875244,,2.4455416611842073,,0.1502715752455343,,155.18817866851046,,6.382998510725936,,1.6832667628598998,,21.069325563706613,,16.720374013,5.0476236034,4769.5772846,,2.936339661205024,1.6928493395824018,14.042209011045054,,0.07582526346431473,,10.031645,,4200.0,937.06979936,59.0,,7600.0,1519.9744584,7600.0,1544.6341473,4300.0,1005.6998434,80.73279475592356,4.594019566279995,88.09039577020617,4.196342966917452,3.954944267189667,2.0926456677208396,8.268812519407923,4.112407505224959,77047.40608059918,9685.921895062418,34401.65612891482,3625.6921879574816,9.986571582940877,3.929749495805008,62.298804677160334,20.773016471929267,2.769987792399563,1.4991975752298126,19.0,,33.21179381806552,6.280040833602015,19.718282725360144,1.1722186328794035,31.590930825214873,4.70152545654496,14094.398220930922,,9.0,,19.0,,3.0,,3.0,,0.0,3.4,81.17379197,
Community area,Belmont Cragin,19,78151,9.8,2.7,35900.0,2922.3961257,39800.0,3092.3121666,17.1919571446599,0.9502597350953667,24200.0,2344.7625642,236.2484284970797,,51.50991967718475,,3.472254745222754,,1636.8838372681012,,159.3805157916327,,24.861041916287643,,423.96224095022274,,27.390184797,3.1085498098,23084.959022,,8.762488880338523,1.385831001291775,14.593182993183,,0.009706784556317172,,23.009328,,15100.0,1954.0168135,323.0,,25500.0,2383.2095717,30200.0,2731.000382,20500.0,2226.4746322,68.89954342613682,1.6699772276483837,79.78048730053399,2.491699491333066,5.012924206437337,0.912758195144365,5.894341774559839,1.0405374272112298,67748.79791496205,4144.159881287045,26262.21224572958,948.4040027582176,14.86186867555577,2.0215363119514866,49.407177086470234,5.044830842218311,4.577207944642089,0.935455222449039,210.0,,38.22138655669846,1.8000712143004378,29.863612740210844,0.9359458845774272,13.221286850803562,1.2491344248413287,72957.32746233538,,26.0,,118.0,,47.0,,40.0,,11.2,3.3,80.18447108,
Community area,West Ridge,2,77139,2.7,1.6,38700.0,4649.7677367,42900.0,4805.1196969,13.914166743621093,1.028043625468244,26500.0,3573.7084353,145.6690141637093,,22.948026974418532,,2.834686114215809,,1581.3607874873096,,95.37165748207656,,22.371818894165184,,266.2471766541669,,17.0639566,3.4258582609,26521.719736,,8.026736768877477,1.3434699097476364,19.10717411434823,,9.326422028522687,,33.057254,,16700.0,2932.7635599,433.0,,34500.0,4458.2637851,28900.0,4238.3948809,24500.0,4102.656858,84.12118015973996,2.6909199491802664,89.92344193346457,3.7346960838901118,7.3848551102648985,1.1935716771057034,6.625850917824122,1.2083223765081852,73519.80716502441,3562.1381857710985,33663.4716533059,1376.833298908644,17.604205687157066,1.772572557172094,58.6849051350242,9.661616407774645,4.255993363902093,0.868462177769383,100.0,,38.381614795586934,1.7373007773178426,22.466532966463255,1.3386085400711139,39.55820612140731,2.3524498808692718,78241.3898907919,,23.0,,44.0,,14.0,,11.0,,2.7,1.8,80.90426387,
Community area,Hermosa,20,24127,8.1,4.5,17500.0,2513.0081599,15300.0,2191.508053,17.045548335674013,1.6542521521814906,10400.0,1825.5124898,82.90894029560799,,17.99967010836942,,1.222650801088099,,577.5451234395026,,57.41839501371457,,8.596598547474613,,150.14658465788528,,14.840824015,3.7951819655,7431.2395086,,7.8206459492263285,2.1239469946537635,15.481106143318431,,0.0015602237616867607,,1.993512,,7400.0,1789.6973952,111.0,,13700.0,2362.4366343,12300.0,2165.0327613,12900.0,2340.5334316,72.84229388124231,2.120379472868889,83.05431317229294,2.9316742367544086,5.780764747183179,1.4799729336801613,9.813131746173074,2.2767074005755843,66919.50326119733,4416.757131656467,27889.138541430686,1514.8011370801755,15.278547723212533,2.7054559673427003,60.44143086224915,9.064790784665913,3.4608724062428737,1.11565535611689,66.0,,32.390281868244514,2.672809489528911,30.261148895503073,1.0161970234290914,11.23784428916805,2.241214921998172,22840.711123078854,,8.0,,38.0,,11.0,,11.0,,8.1,4.5,80.40595537,
Community area,Avondale,21,36245,2.0,2.1,20700.0,2682.4996474,21000.0,2726.1377907,14.310751317280538,1.43044991000952,13000.0,1804.8484179,77.16639519444288,,14.02289822821213,,0.8909701018680808,,1046.125217005901,,62.16986127218459,,9.811843450333113,,150.03907001882865,,18.620877071,4.2709612015,14437.900709,,1.5979217849708296,0.9662400413235412,14.374780723465069,,0.008583818417405457,,7.010899,,6600.0,1511.0412803,149.0,,18600.0,2141.4209343,14000.0,2423.0552158,11900.0,2019.5612946,86.30866786254974,3.5300142287524423,91.59457804660268,4.022661034580335,5.337307324333144,1.0518503487181818,5.741391015532528,1.2242249039187874,92638.50315963042,5112.751409229324,48391.66213557346,2092.0063229524776,13.593692120242128,2.0532074487826155,68.65809606993136,6.725670369442541,2.4245621447275405,0.7378674740858042,54.0,,23.847187520129097,2.031002840269553,15.012070051231973,0.8315912848800925,37.263937498767376,1.6031161078370126,35476.86608196556,,14.0,,53.0,,9.0,,7.0,,2.0,2.4,81.0927751,
Community area,Logan Square,22,71742,0.9,1.2,36300.0,3843.4987248,41900.0,4491.9144582,7.600941816768278,0.6345322631853263,30800.0,3538.2831656,220.74021520447332,,38.77581201955467,,2.7029668161134315,,3270.6800266372948,,203.26990550708254,,27.907179138152152,,454.6202666658214,,32.21364429,4.8760577785,31902.634267,,1.5874785545865262,0.49899903032987675,12.573360346720698,,0.01047654778111483,,28.033222,,14500.0,3740.1227183,359.0,,43000.0,5016.2733198,25700.0,4097.0200445,21200.0,3278.8615901,92.47775807565803,2.1035208292173446,95.29382857620449,2.1579581866703657,4.159865859050716,0.62415086121772,3.8817973059042936,0.5972791779207974,108483.4527133085,3160.453566746896,67446.03435624081,1837.4647873399645,10.723666146487943,1.0510236308981808,64.4120602000951,7.108988590534858,3.2806239988421844,0.5686235754048609,61.0,,14.589546362533119,0.9321273269516912,12.60935524113475,0.7443549665096482,51.67469070735808,1.344952405051435,71128.33374586323,,35.0,,102.0,,13.0,,10.0,,1.7,1.7,81.40234493,
Community area,Humboldt Park,23,53832,41.7,7.1,33600.0,3238.3917479,32800.0,3169.5666731,17.870340796595787,1.1021655755324784,17700.0,2137.0309271,538.700771255694,,635.0973434194268,,17.70332071858038,,2907.857343080487,,331.6922331048909,,45.14000462721518,,933.2363297063804,,39.941668193,4.4665084195,18651.621943,,5.675156012569218,1.554160127186732,24.175778303113212,,16.42626303253027,,15.942042,,14300.0,1986.8675767,367.0,,18600.0,2348.0446617,15200.0,2136.0803853,13000.0,1999.6510553,76.31612842032898,2.8717362908820943,88.00319343594819,2.809521263080046,10.319454702776389,1.8941799230750802,15.349668095592381,2.4937754491291004,54944.469071392785,4159.788975613579,27001.389555142883,1420.2129153068497,26.63791325003478,3.0027502422523815,28.67108055834136,6.760433140274417,5.05134744612849,1.1991341646575293,207.0,,19.06017621178244,1.8760678515697335,13.164943277555302,0.9102251244434114,12.225110950956159,1.6148552587840002,55220.81155007664,,11.0,,265.0,,123.0,,117.0,,45.2,7.5,75.41444439,
Community area,West Town,24,87942,6.7,2.2,42200.0,3380.46483,44500.0,3410.2984077,4.577163849030084,0.4905404879742162,37700.0,3155.0190331,318.3363614608602,,124.11504929301299,,4.855802987129933,,4918.215954694959,,323.81962703574624,,35.70480773860823,,682.7165992223446,,25.610812164,2.9104353914,41054.284934,,1.5091216475167881,0.4272739848892633,13.576262391411086,,0.6113139499146899,,125.252381,,13900.0,1939.1351003,486.0,,43000.0,3434.6776805,27600.0,2718.8366725,22200.0,2530.0248,94.99343656254955,1.7898498663761657,96.8727860390227,1.8134678741475934,3.5288444335781466,0.6723471571387798,3.2596872579232534,0.5034985139967196,138827.8899346952,5077.597423781142,87361.5780452959,2256.4665695965773,8.925988410806852,0.823978431643134,67.51495094655016,7.621998525461005,2.6189430379834056,0.46034568391031344,52.0,,13.213144476219716,0.8084668044312157,8.010489376932325,0.6383927514975157,63.03796703039815,1.2540647186120857,86596.47618752357,,31.0,,113.0,,29.0,,25.0,,6.7,2.3,81.43207779,
Community area,Austin,25,96753,61.0,6.5,58400.0,4945.1040448,59500.0,5053.7529988,11.799108044908664,0.801028538394783,40000.0,4125.1167931,1065.4846327658631,,887.0763300768091,,47.32563424746653,,5212.9318615978,,642.6108518048846,,104.63702086449673,,1860.0581396827106,,39.271851507,3.7345382487,35654.894026,,4.472047825555017,0.8523398012050197,26.480406962848743,,32.4076171323229,,44.05404,,27500.0,3249.0023849,751.0,,37500.0,3964.6639972,36100.0,4060.3167763,29600.0,3744.9293498,81.73083998645838,2.6754660458116177,92.42788390908936,3.1476335916374,14.623577996787276,1.5147174140014592,12.522703676477398,1.4021538293147386,51909.39669333518,3149.884705800672,25795.70423434742,1485.6374476109788,24.746491156962122,1.956510299809934,35.84152309872025,3.594623397892135,6.653773308749134,0.9571339662237428,404.0,,9.844909413892417,1.027702915780771,14.191704105373411,0.6548581372242259,5.608256338343177,0.7748270372050939,99100.07379642606,,33.0,,566.0,,316.0,,285.0,,66.1,7.2,71.70767742,
Community area,West Garfield Park,26,17423,87.6,19.1,13700.0,2033.6797411,12900.0,1980.0928332,9.41093911228791,1.4656195854535197,9900.0,1865.3850217,263.9886737689222,,420.9008069886844,,12.58209638216253,,1011.5736384725673,,139.03898368807435,,24.8925508520965,,440.5023046912556,,52.711691842,6.7720572865,5906.376572,,6.824369216152119,2.196936543075949,35.6939967,,0.05012273011298076,,4.981901,,6800.0,1484.5998207,174.0,,6800.0,1502.915276,8600.0,1738.7928822,6000.0,1425.4384014,77.08281487948719,5.721594074888353,95.66665613977669,7.807719946449356,23.25294437266161,4.176409793875041,14.545018245381291,3.040776964894415,36481.37198347241,3588.548903539553,19395.25014187012,1395.2984787062865,31.97517769273143,3.752510503679048,23.711023475536095,4.966257163807306,4.46968797547935,1.3113294518374943,101.0,,1.790463301265788,0.8303167070393893,2.9850298502985035,1.062205551797403,2.1026437082665157,0.8047595382467535,15610.301388307964,,9.0,,159.0,,79.0,,74.0,,87.6,21.0,66.57828879,
Community area,East Garfield Park,27,19995,60.7,13.6,11200.0,1728.9429512,13100.0,1998.050754,10.79228130674465,1.8184631052958793,8200.0,1392.7159545,311.19954943378997,,349.6703894720363,,13.61416781911478,,1498.3673158962893,,184.76539279197846,,32.4814288241697,,542.0605388690528,,50.334441695,6.7089440721,7384.3138896,,4.616097162997054,1.773976485710294,37.705522293879,,52.33567965097874,,5.066998,,4700.0,969.26503782,185.0,,7000.0,1533.3517124,7400.0,1498.0232471,3800.0,935.11743276,82.33698459547068,4.954663571363775,95.3006548334761,4.960591846554289,16.80183283929874,2.967304540917125,19.38854598738008,2.982175661493318,38451.79765616725,4526.862855307724,24013.822229480847,1761.0478373596632,37.83572579041522,4.22654036665318,34.460988550247556,7.941944752484562,6.645303960818596,1.9027162034290734,115.0,,2.32798876571656,0.6480415419123441,3.861603177841175,0.6963134876183291,6.809255871726594,1.1300635757569653,20536.25418652476,,8.0,,160.0,,77.0,,70.0,,71.2,15.1,69.75663662,
Community area,Near West Side,28,67817,10.8,3.2,40000.0,3998.8063286,41300.0,4018.1933482,4.610459531920334,0.6600128776443397,31900.0,3596.612435,519.3328942378777,,259.93053216833744,,15.828881010979307,,5875.952342954144,,433.20547157285995,,73.907996634922,,1042.275243456639,,21.457563983,3.2983371142,32341.958875,,3.4748758687426706,1.0977583776334183,23.38987386962161,,16.38990407615421,,429.281696,,13600.0,2088.3563937,328.0,,33600.0,3385.082295,29400.0,3540.1114315,20000.0,2663.7566707,94.7788293565138,2.2112810540121663,97.76945730489757,2.2178637217103683,7.103445039241196,1.1412545092670745,3.7459209843456898,0.6616126462527494,115208.88975905182,5424.151673331551,79363.67109273923,3180.8274186782423,15.641425063763563,1.244609246892065,59.45187185141077,7.812815864109627,3.1440758091499545,0.7738660870697408,62.0,,17.308001947551237,1.0928434558454743,9.184271575413273,0.8952686399808013,42.830883243140114,1.6320770998374523,65999.4040916312,,20.0,,150.0,,59.0,,55.0,,10.8,3.8,78.32786612,
Community area,North Lawndale,29,34817,73.9,12.9,21200.0,2713.7559755,21300.0,2702.8803915,13.687966206753357,1.4991855135059562,16200.0,2173.5387373,497.31520388448996,,364.9835425058624,,25.03390173137885,,2023.8134917877583,,267.9805177886713,,42.28070380386501,,832.6103272084051,,55.324504693,5.8472387941,11798.764335,,5.4263881249632595,1.4480763716962122,33.76447811582493,,22.338545174726892,,71.849587,,9400.0,1703.007233,324.0,,9400.0,1583.6480097,10500.0,2160.090962,6900.0,1451.0187001,80.66891676985742,3.57388194599941,92.3790944746263,4.336552033157485,13.573627557642602,2.3541055765435273,15.736299742267693,2.4606705567121354,41907.44068139709,3532.0270505695735,22887.593537396635,1639.7342948230764,33.23424112901094,3.383259269224492,28.62435873822226,4.538528196595666,7.149680044452233,1.4156028601224104,222.0,,6.118020817879472,1.1439977037925704,28.516982870074784,1.252425926579093,4.7722755064037266,1.5145564981757444,31267.85857996239,,16.0,,260.0,,145.0,,136.0,,83.5,13.8,67.87316785,
Community area,Uptown,3,55120,1.3,1.0,39000.0,4413.2739767,38500.0,4373.9172774,10.605633446911877,1.2329665929487492,30400.0,3761.408846,159.28236153890478,,24.147635702721075,,1.4633903713769327,,1957.3680905727697,,99.88283613653678,,33.57266813111053,,294.20125617792905,,27.509064394,4.5494664281,30822.577413,,3.158422196722109,1.0563008504410438,18.181185205926027,,0.015916415268501398,,84.068768,,18800.0,3291.6968992,196.0,,36900.0,4127.5404756,21000.0,3214.338697,19500.0,3073.2114264,91.48107479481774,2.869915137110301,95.66478055064317,2.9136009284281297,4.599942497164568,0.9317528511489965,3.5057945584328065,0.8625196694846827,70488.18242158643,3550.0622039015816,51959.02776178306,1718.621145238604,20.64540550789181,1.9062803793776373,61.51886677663099,10.557623008375563,3.179156673696734,0.6879258448005185,32.0,,23.350418870327342,2.0822160108716026,9.822162354628558,0.8825798301115996,50.80426572838712,1.86189822766065,55447.87687186173,,23.0,,78.0,,9.0,,6.0,,1.3,1.7,77.44787098,
Community area,South Lawndale,30,71402,15.7,3.9,39600.0,3474.9095991,40600.0,3474.4132613,17.256474491386737,1.5800794729731673,21100.0,2382.5054725,580.8614692537955,,286.1915558873842,,28.995403800594747,,2511.213181111738,,315.0717953784192,,48.41859202396416,,973.3472604567736,,53.429504104,3.7473448857,20231.872388,,8.275751474917858,1.4630277664800513,20.181796017960185,,4.793402883875378,,46.805127,,11100.0,1618.850371,290.0,,17700.0,2322.3790175,28100.0,2864.276951,18200.0,2236.0367978,64.51183449724286,2.3630728786281208,76.0913923414505,2.6393145483582017,8.458289482423645,2.4898460771436817,7.976138347753986,1.8328730497136747,53030.96849969383,4388.230799201067,20938.014347572403,893.0902400221878,21.502317795342137,2.589821358727999,54.17135056266306,5.977700647365733,3.6323692315765697,1.3182988364782222,322.0,,38.83518713718447,2.0667969869849023,32.81542935845283,1.180760521803586,5.4965932270989715,0.9410993401665628,68751.12029499876,,13.0,,112.0,,77.0,,72.0,,18.7,4.2,80.28364816,
Community area,Lower West Side,31,33716,9.2,5.1,17100.0,2063.9032234,17000.0,1813.6695887,11.002281215614968,1.1215339777477282,11100.0,1360.3760542,188.78288392269144,,39.85590924412793,,9.210645613680313,,1342.9107852618588,,102.325373380331,,18.212412556584578,,318.53131547328735,,39.272421653,4.9064345096,13991.709583,,4.81066766627047,1.2947156575205276,17.203330603330606,,12.09545272684205,,40.655142,,6400.0,1174.679305,126.0,,13800.0,1701.4526052,8900.0,1653.0266603,8400.0,1583.3070208,77.61065418740445,3.020057324766386,84.72280044658012,3.102947740572573,7.3383836951273125,1.4671684462082102,6.861516471136307,1.5584597053109575,73639.5791844168,5361.046592036982,38578.66089929352,1721.6686238193338,15.966885954886582,2.2378667328179693,59.33427601918718,8.795162056811684,4.373018283766476,1.5705423903206792,58.0,,34.42636210415714,1.9740321575730626,23.617993900232406,1.1207408816744273,22.098639446138662,1.6185932739709894,33260.69255460174,,7.0,,41.0,,26.0,,26.0,,9.2,5.1,81.95800271,
Community area,Loop,32,43440,1.2,0.9,28000.0,3942.2972158,32800.0,4267.336067,5.067567709545796,0.9616880245690339,28900.0,3856.3446801,166.59133072183403,,180.9986026598823,,2.8997952217505762,,3516.35709072314,,226.46636331302793,,36.37262102299143,,432.3301102796039,,22.401325161,4.936911486,25160.418334,,3.8598349783435704,1.3541942258879807,13.912709576854352,,0.003459359202435579,,136.397548,,8500.0,2263.129921,121.0,,31400.0,4190.2333547,22700.0,3288.2236333,19300.0,2970.4648252,96.30554522214544,2.7962310421101724,98.29826324709204,2.769000740089422,7.329214000757207,1.2215500751074047,1.1301375108428418,0.5475822593490479,119588.87087325747,9926.625383810508,107142.33863000442,9878.057353973158,9.907840778658427,1.6640667503185054,90.23914448165414,26.62951321817903,1.2778612103603912,0.5744757976098944,1.0,,28.429455278292735,2.370641007790176,5.268523682812961,1.4584978452008834,50.72065153947094,2.4618494322348505,43260.79830687778,,18.0,,34.0,,4.0,,4.0,,1.2,0.9,87.30128578,
Community area,Near South Side,33,27296,2.8,3.5,16500.0,1935.8953279,17200.0,1988.7688796,2.1872241971928696,1.0257604500303636,13800.0,1775.0821696,96.8414664156229,,60.409504451609436,,3.9257462125591345,,1347.6039037090848,,92.39370184845023,,13.510627896954908,,206.6715423735872,,26.744170335,4.6428354601,15279.259614,,2.6788998428600768,1.9487614753117086,13.309065036260145,,3.9345582046424625,,64.71121,,6100.0,1268.7332964,144.0,,16800.0,1996.1194361,11700.0,1635.7076975,9200.0,1446.3971269,95.89750275490006,5.582374715643079,97.73808851556115,5.630743522183262,4.558603664973605,1.9693144182643723,2.5152527719968516,0.9301916157918001,126579.61892494017,13348.22154365267,94648.74245693158,6028.965715398789,7.315782324981738,1.7771295722769227,64.73592288812884,51.32086789710583,2.6651167261531756,1.6349750984721476,8.0,,21.298173514582476,3.18586378870224,13.784983337913859,0.8365254765225566,49.65573160938654,3.473868357929429,27534.50859629097,,12.0,,34.0,,11.0,,10.0,,2.8,4.3,79.85934054,
Community area,Armour Square,34,13847,18.5,8.1,8500.0,1009.923205,10000.0,1114.8751899,8.497918877048075,1.8203629343813323,5800.0,749.69830287,54.556466140474235,,15.325977186404444,,3.0519819099857215,,527.2529387765746,,39.66054361021789,,6.951257546352558,,104.2202492070304,,28.947283576,4.6599335243,5639.6218389,,4.976748579733419,2.1997106494668315,30.153253493493015,,18.841140504768536,,9.07837,,3800.0,599.54109051,35.0,,5700.0,818.67468187,7200.0,1025.2405387,5900.0,913.13368433,68.70486343186447,3.501696724823094,77.4180913367222,3.2828236233018684,8.775562678766725,2.865733938272168,9.389918867156206,3.0110309798732793,44802.359552381975,5566.943131892872,29703.664116725267,2350.073115227643,24.00129086539036,4.420405347345283,36.896938326152544,9.301630451468386,4.994816362127578,1.876742235978635,14.0,,48.15131652207252,3.36501219634207,24.126456403021436,1.2061014540304646,16.21916115204601,2.9855245867255897,14175.61618806398,,6.0,,11.0,,10.0,,8.0,,18.5,9.2,82.48000952,
Community area,Douglas,35,20292,26.2,11.4,11600.0,1796.0915745,11600.0,1830.0925648,6.849548665042955,1.0937798827365597,8900.0,1582.0093076,105.07446607452667,,25.238259276723067,,5.010383598061409,,977.0404200652811,,64.91456082949612,,12.151904358892988,,187.15131486097718,,35.098648712,6.8961548833,10477.806805,,5.10500378946518,1.3265985312988469,29.4880035000875,,36.581069357797084,,22.915417,,4100.0,1045.0433368,111.0,,7900.0,1491.4691061,5800.0,1361.0716289,5800.0,1307.9943792,89.00632811597191,4.573946823449278,96.23161271386834,4.690067015630645,15.08257048874997,2.2541748493342664,7.839847782654837,1.1660389473789776,59243.699039955995,6398.309675909694,37332.28633736583,2540.867076111578,26.927903661363644,2.874152386105241,51.44210824087151,4.4007875254104984,3.7636417498215122,0.9199921158732138,29.0,,22.431233623541246,2.347125777935657,19.595074314573765,1.0798998163400941,9.229673737544976,1.2397417368063408,21758.18160013379,,5.0,,61.0,,30.0,,26.0,,29.7,12.6,73.19364251,
Community area,Oakland,36,6803,30.7,19.4,3700.0,535.69487791,3800.0,535.43060429,6.887600522890596,2.255951513190868,3300.0,514.43409212,63.17858191031665,,6.9827931547369975,,1.683161996249088,,434.4617966631193,,24.485230496187267,,4.599658035132732,,93.94663243788573,,25.529106196,5.2762634772,3429.0636885,,1.3524854862822522,1.5088514633435361,32.40571279140467,,7.803663052276814,,2.461289,,2100.0,409.6003868,58.0,,2700.0,488.36661543,1900.0,365.40084689,1800.0,389.20174106,92.1147529009787,5.818873464890547,98.00817564563617,5.734965328961065,14.852825131342751,5.366578114105379,16.178135151879125,4.046639823734618,27513.993282293082,11844.129261103091,36121.988280799014,5013.083503671667,34.85953276675466,7.813269846715172,21.087731528096786,7.859571717872893,5.3241550249504,2.225909427188587,11.0,,10.919587543151623,3.3911998778515295,2.616941573191748,0.6586887860501417,6.130355696762711,2.2618419947848776,6949.247030412003,,1.0,,29.0,,19.0,,14.0,,62.6,22.2,71.96529488,
Community area,Fuller Park,37,2549,44.1,30.5,3300.0,491.16263981,3300.0,484.14252975,4.741432626889508,3.3913672949752525,2400.0,443.64562192,47.82660983702623,,6.843345496261224,,1.9847950504870673,,249.71869022301365,,32.577578073317724,,3.5484134350530847,,85.93739639588412,,35.319212113,6.7927777412,1142.5451204,,1.0567129068934753,3.4080745044232965,39.2616209,,97.10123325185106,,2.989545,,1800.0,341.47873765,16.0,,1900.0,368.92019861,2500.0,463.39826478,2100.0,426.23246618,73.98593945756825,6.039217509650433,96.1708157403533,13.520083847351486,21.746167411689527,14.068384296709066,9.613904153212287,6.266526986287135,21121.813607046977,2383.428235049462,16967.467481609765,3186.932084644689,55.36696016568171,11.424585576614835,15.206918327075103,4.639988935636314,5.0116137066359085,2.9298181693466154,7.0,,8.3573612236643,3.8829118209378133,26.772739216943084,1.5884800996788808,2.9214518294257426,1.270646215857218,2213.541924182201,,2.0,,27.0,,5.0,,5.0,,44.1,30.5,66.81783276,
Community area,Grand Boulevard,38,24586,39.9,9.8,11800.0,1479.5204532,11900.0,1509.5240488,8.846615387500577,1.4306004312261256,8200.0,1240.0932163,170.42362979686587,,19.927120798631293,,4.5994251258393275,,1256.4993255215377,,77.92897885348843,,15.841774456347787,,268.79380823254144,,29.022044773,4.8482373569,12144.143325,,2.2895091131026835,1.1461713316587092,32.23931057517403,,10.537804854067025,,31.000536,,6900.0,1230.3197801,150.0,,7700.0,1222.2149399,5500.0,948.74281678,4000.0,896.4669943,88.45226648994694,4.94905492908549,96.87098908495032,5.355248078380683,15.573606653989756,2.814995775691357,11.46610321169183,1.9357845758661762,55584.34290126627,7435.783106317638,37552.723769643926,3046.1893405674814,25.283752028560357,2.755745787764656,27.195621560232702,5.319084133638992,2.4299985322357993,0.7417460868422213,50.0,,4.378273617559427,0.8470318653669174,6.152920068714915,0.5224516337830177,6.903270712050668,1.4381747369939542,26340.23652684393,,9.0,,83.0,,51.0,,47.0,,43.7,11.1,72.52033455,
Community area,Kenwood,39,19126,21.1,7.0,10400.0,1535.1703343,10500.0,1549.5628016,6.284348796029561,1.4728952260986332,9200.0,1407.9638823,107.32358708410425,,12.512435037919442,,2.614013072063428,,877.7563431157064,,49.96018417022485,,12.020140899550046,,171.91792522594258,,35.944743356,6.473696468,9989.373524,,2.316467346323818,1.7617174675776504,21.4104188,,5.770261442089801,,4.029298,,5000.0,894.20543515,92.0,,8600.0,1342.2079517,6600.0,1161.6039576,6900.0,1304.5991991,95.35161782028484,4.02956208569871,98.36194524287997,3.9939097192691277,10.395490998395715,2.7061133198321405,10.692261569243662,2.356249614817788,63960.89958426478,8311.57185473349,57777.905567750306,4276.559407538003,24.537683176112942,3.2038330668031354,48.53639251239557,4.268860163508615,2.285029191839829,0.7144508454934835,24.0,,8.805511706990579,1.4139308019781502,4.357465767571669,0.6713632542878539,19.58912076719358,2.9913003623784165,18147.965687284923,,9.0,,34.0,,22.0,,17.0,,21.1,8.0,77.77574746,
Community area,Lincoln Square,4,40412,0.0,1.4,19900.0,2660.8890197,23100.0,3236.2590824,9.054698689204256,1.0451059133872311,18600.0,2698.1790116,128.26959711802897,,26.97790966897213,,4.009633889343662,,1276.689147114602,,75.69819070651454,,22.535987677639742,,230.5134093915269,,11.108167526,3.2022443738,19330.768501,,2.2634033943682557,0.7779155417747191,13.264599664599665,,7.902761705538879,,110.54868,,7000.0,2257.1598693,152.0,,26200.0,3541.5879241,14200.0,2229.1118715,17100.0,2896.823773,94.03812919887375,2.09459113001977,96.03067169848032,2.4159945396297067,5.516879993265342,1.0541084354852504,3.1892942518718046,0.8883147711737215,90780.09541791888,4841.551799575582,61337.96898954188,2304.178293081482,9.595069580144314,1.625084532256106,76.49095668253464,10.02261740787237,2.3570324577885065,0.6898239120203877,17.0,,22.01553835239719,1.4480573804129802,22.24013864221586,1.3053055409359284,61.03219351153048,1.8846304081626528,41588.505804099426,,9.0,,22.0,,4.0,,4.0,,0.0,1.4,80.23220153,
Community area,Washington Park,40,12709,46.0,12.2,7200.0,1191.1913378,6000.0,1038.856091,7.3551732365073335,1.7085317956262984,5300.0,961.4856656,204.9615460404919,,26.595123258829084,,8.974162059472967,,1155.094472060492,,80.9187314958958,,19.579715356900092,,314.43415495276076,,47.012290123,7.5207349763,5280.0524656,,2.9699155096480423,1.7033967860550934,35.8996538941162,,65.4569603204927,,0.000874,,2800.0,538.53119658,119.0,,3500.0,790.37172988,2900.0,799.29839223,2300.0,725.34136619,85.885790272694,7.46747053212431,98.11994191727834,7.84181390271102,17.55092902448565,3.9465243928767944,25.82349413649698,4.191431950472654,35407.79483059203,7549.5440168591285,19095.177488053116,1803.3388220931897,44.85467358028251,5.491071140828195,37.3958191834587,7.216547054262676,5.036513356984144,1.9325011710109052,60.0,,4.2684344266537835,1.876465354129315,5.791476030617719,0.5333161313569617,1.6534028207419726,0.7885474167107496,13111.91614549355,,4.0,,43.0,,36.0,,31.0,,46.0,19.2,72.47944347,
Community area,Hyde Park,41,29459,1.9,2.0,19100.0,2938.291032,19300.0,2670.2739242,4.483096051302051,0.9738911505046464,16100.0,2448.307523,211.7894644268618,,23.108958115441034,,8.6352393541399,,1352.677523499851,,84.74084118939183,,22.42299968088869,,327.58854465128223,,44.145437385,6.6455758376,14803.447921,,1.7439827657633573,1.0029145839566371,17.57553582446418,,12.359115685888188,,120.951807,,5900.0,1323.1624376,91.0,,17300.0,2843.4484459,14900.0,2413.5258083,11500.0,1868.3233511,96.42848577743693,5.080795216998773,98.70183376204238,5.2264092510299065,7.250967386435414,1.8774091566791988,4.260814672028678,1.3795342735433977,70984.08665651108,5817.289957012646,57804.58357329181,5765.032588776888,20.87876234435687,2.8029918587241807,88.49392781252078,15.562746650583554,1.9690637295996472,0.8746802891510492,8.0,,20.8232523354403,1.6691495954222404,5.096985805729463,0.604769280586663,40.61399081846308,2.1505943967166865,29593.131216968766,,9.0,,29.0,,10.0,,8.0,,3.9,2.2,82.5661651,
Community area,Woodlawn,42,25285,40.7,11.2,12700.0,2102.1218839,13800.0,2285.6080204,8.688776556942157,1.2660063153089796,8500.0,1352.7403192,304.01833462481557,,30.77942485641979,,14.73442612229716,,1473.8168133008985,,103.43252765336638,,25.742526100923484,,447.9278145014027,,31.13240647,5.829846706,11020.122365,,1.720562576162964,0.9186979388626566,32.96410574874026,,36.92125475350047,,19.114146,,5100.0,1050.1728421,173.0,,7900.0,1430.3777931,6700.0,1751.1856011,5200.0,1631.2713544,87.26732229074834,3.1194355937528955,95.65322785015671,3.0093950238000025,15.61132428447943,2.3828399970199996,13.502085048270857,2.1042407865508523,39290.66690233837,5501.02523424335,25359.040281273486,1421.498108473813,32.443762300297976,2.7797006733847187,42.11821062607696,4.705839360056506,5.216521998872034,1.1210689177749422,78.0,,6.375518775856389,0.98541700662544,4.398447307508227,0.6261298709179218,10.456127936976133,1.3125397912607133,25094.86334860776,,8.0,,90.0,,61.0,,54.0,,45.9,12.3,73.18639805,
Community area,South Shore,43,51919,54.3,9.1,26500.0,3297.6192504,25800.0,3234.9857474,7.626322378564591,0.9492712568189572,19800.0,2809.3921576,396.81225073836976,,38.32416789541017,,15.988288106763763,,1825.680689424876,,149.618774997333,,29.62987156317182,,592.0491854056384,,50.072918668,5.7809618282,24936.644313,,3.6198914917109413,1.1514590234755164,31.9786266358799,,57.595987976299476,,31.845725,,13400.0,2268.1717049,412.0,,14600.0,2789.5540633,13000.0,2375.0341263,12100.0,2261.7429193,88.7840922390971,3.5018180873643034,97.31780797099755,3.701787820363417,14.668387684148291,1.9426244398503834,11.993653271382927,1.8324617716231224,42246.299481480884,2889.327153140956,30588.214852054596,2121.2472202568833,29.792833051992954,2.8908468802467375,34.92942556181717,4.140574466235487,3.9938201459486544,0.9197848439284225,162.0,,3.4668035664989687,0.9008324049592552,1.4734973646957037,0.376712462075517,2.96044452964441,0.6660089370254164,51948.07675615207,,18.0,,245.0,,154.0,,137.0,,62.4,10.1,70.13917167,
Community area,Chatham,44,31804,70.7,13.6,18500.0,2899.3632839,19500.0,2942.0607255,9.505411278201121,1.3573164943061489,15000.0,2531.8506627,384.2634413045648,,50.86844102192873,,18.785653679213446,,1982.7837433261159,,182.1917369789689,,29.808352742920455,,615.0491847056677,,60.079932116,6.6236059896,15043.75535,,1.7178857323874526,0.8603233148913095,28.48344846896937,,55.05621116667941,,10.031149,,10100.0,1952.5442697,239.0,,10900.0,2310.7083677,8300.0,1677.0848989,5900.0,1381.871909,89.77650236105725,3.1750657404056573,97.13013432546695,3.068108779569332,17.26527155500237,2.663856968535239,11.225867867600584,2.466965042518332,48254.632869901376,4294.483575303628,30461.470972403782,1635.380883612616,25.002933098606768,3.088301533939125,34.30451495994945,12.823348485393607,6.066131014104662,1.5863823322900665,102.0,,3.255694559073539,1.185484539362787,1.6849985243238392,0.4174764916960674,1.6635867807820413,1.4284062884204685,30874.667996991448,,18.0,,156.0,,108.0,,100.0,,80.2,14.5,70.82605459,
Community area,Avalon Park,45,9359,54.0,18.8,7500.0,1069.8177135,7500.0,1098.8095899,9.288273372942317,2.9903574066248577,6000.0,934.04521523,126.13392898434658,,13.475002980911928,,5.553118040560731,,645.414525694941,,55.176196794773716,,10.656399443428588,,197.51964326310963,,23.277977854,5.1969621877,4056.2419181,,1.2072875260515707,1.7361038320309106,24.676101080505404,,19.16560690376849,,2.997021,,3500.0,728.75412903,57.0,,5100.0,977.07755595,3100.0,583.73259769,2300.0,620.78253148,90.77071565109686,5.732344632391043,97.12368475270685,5.575768606140533,14.363700855281916,5.706028566813119,12.3500752999364,4.897622183916174,50206.70530114683,9984.444568560613,32152.31860894951,4319.552143448715,17.300236834447677,5.612987792148915,42.51940875960073,13.205578185169449,7.258319745718659,3.9440766683664434,14.0,,5.890958937300316,2.183068838331646,4.8258485947438725,0.45954201438548087,0.29999522486217894,0.3293330643903084,9346.85683340217,,5.0,,31.0,,22.0,,22.0,,54.0,18.8,72.20862598,
Community area,South Chicago,46,27254,53.1,12.7,29000.0,4271.3577679,23600.0,3586.0622507,12.507192629417508,1.5088835104334903,22400.0,3822.8343073,244.9523174269238,,20.912268028521254,,8.957878007712626,,1159.071325127286,,84.49512771261382,,19.893723970450328,,358.29904711770064,,36.259142124,5.9506986042,11309.754233,,4.568947546135983,1.670909908875083,31.969651830348173,,25.354032610142305,,23.871751,,11500.0,1983.6636332,238.0,,16700.0,3439.8765093,14900.0,2694.32852,16400.0,3567.9411144,80.79245757280746,3.820142748649903,89.62406697470462,4.054609022229963,15.479456289119815,2.887113085998288,12.751328425652584,2.5233071762261754,45283.03445695831,4970.245455238048,25180.12429708022,1706.6413882407687,29.026242313813384,3.615466321328554,30.225428432007316,5.821221037334837,6.997571635671028,1.5472100372561337,124.0,,13.122007916624208,1.4768586398445362,9.311588662195952,0.6421345751273193,4.7115893808178395,1.4289916101901965,29338.063088459505,,14.0,,108.0,,73.0,,67.0,,55.6,13.4,71.64129315,
Community area,Burnside,47,2514,46.3,30.9,3900.0,610.18237405,4200.0,651.00213408,7.07430814901243,3.8362142781942814,2900.0,497.77025111,81.99427436010727,,9.4390175254947,,3.832656632701936,,424.9607436391433,,38.54674793757571,,6.855445107596993,,131.2291240379819,,18.574576523,5.2392789908,991.85290695,,0.0031737366248246303,2.4651284946096195,31.49722106109485,,94.2531011377957,,1.99908,,1900.0,480.84298053,25.0,,2700.0,550.85013615,2200.0,528.44682323,1900.0,489.07416958,89.23180997085058,4.805744747002857,94.18481616415606,3.1353983409243598,18.610797302867017,10.49313648810397,3.678270285629932,4.834206585530511,46614.20307045155,11161.117393322445,28116.30543874019,6654.618413763265,23.530290282506254,10.868319586905349,35.43096782001852,19.00815000337348,4.513967124290247,3.412788149274859,17.0,,4.514445615054081,3.031390207597854,1.6748116249015221,0.5302553820635865,0.0023320071577231775,0.4367083330080015,2137.4219084866077,,2.0,,5.0,,6.0,,6.0,,46.3,30.9,66.83058566,
Community area,Calumet Heights,48,13085,50.8,18.4,7400.0,1073.3926407,7200.0,1060.4997337,4.08985388980329,1.254775719459197,6500.0,1032.764443,116.41388493980034,,10.444945855335746,,4.470191126546732,,579.7857727137168,,43.03951562409616,,10.046606482051994,,173.97019817249523,,31.555572723,6.5225041624,5527.9731175,,0.40486602066193556,1.0043157025374663,21.6854258838495,,40.11769051105613,,33.957393,,4400.0,869.91443872,63.0,,4400.0,846.38198053,4000.0,757.05870276,3400.0,718.00552246,95.36170073705104,11.410380599866246,98.7382192222366,11.645417238882478,11.671173454386551,3.693704304753538,8.05499292646328,2.0882643174190405,67995.56392763065,11835.723430083011,39696.69853739385,3598.0482377164817,15.476433536810317,3.244135359120961,47.337901160284034,10.806714240486754,5.1608525252073285,2.310735769943998,30.0,,5.025425356524579,1.3524928002703809,10.261037547267986,0.7013771432181778,0.4531006510217474,0.28185333236353916,11643.035358269048,,7.0,,31.0,,27.0,,26.0,,50.8,19.1,73.22422874,
Community area,Roseland,49,38934,76.5,12.0,24200.0,3322.2679322,27200.0,3619.5625807,10.27755551294701,1.1540920579307388,19100.0,2973.1680745,353.774134092204,,81.90960192064843,,19.086986849430524,,1854.379601165183,,143.82035384206193,,29.240639175191255,,545.9221139588877,,42.350035295,6.2087600087,13903.801258,,2.458954218475847,0.9079355600604844,30.85623123070569,,66.60290131290877,,14.003856,,13800.0,2686.0986658,288.0,,13500.0,2496.234611,12700.0,2434.535017,10300.0,2288.6320164,87.86704931942874,3.615952306375413,96.97772323548308,4.708374694757992,17.374339316438988,2.273827216586368,13.82115314271191,1.987797714969303,52911.75294114376,3493.6464900261344,26167.606928162793,1182.8162037828681,21.965398704691104,2.4611407191462424,44.65905025657939,5.241256841042013,7.226331220393769,1.3422264443893066,161.0,,2.612237235014062,0.6819051162262013,2.1547063875436514,0.33736985781175427,2.5953753730431437,0.6692622632115722,36819.155727235106,,18.0,,150.0,,140.0,,130.0,,82.4,13.1,70.45173342,
Community area,North Center,5,35150,0.0,1.4,18900.0,2668.4430939,19900.0,2700.0081926,3.1314617565323397,0.6954741124588527,19400.0,2707.5805666,78.93645680996003,,12.453721947967862,,0.8866368624596681,,1215.406534935089,,68.2443651164332,,14.318058950417196,,162.3855177392701,,13.120720286,3.9169160576,14461.889704,,0.42558469048728176,0.6440949556221129,10.212709787290212,,15.902327300189823,,19.058184,,6000.0,1300.3403329,151.0,,21200.0,2795.7175246,17500.0,2648.2306179,11000.0,1740.9773375,97.2735012720277,1.9858476787398696,98.33199107926546,1.8890005712128946,3.9546778863790752,1.0865103952396793,2.048170309428576,0.6537378297003907,147399.3554255735,10105.558773947569,89174.72933853879,3417.5041830099117,4.675478222628052,0.7332154103711261,89.31869965424254,23.618502519429363,1.671943171588595,0.4644551265978689,6.0,,9.665990567148667,0.9044712547236831,11.352083175100068,0.7002102268749592,73.30411129214973,2.4095470593436215,35443.730110854594,,7.0,,15.0,,4.0,,4.0,,0.0,1.4,84.67435326,
Community area,Pullman,50,6866,69.0,25.7,3600.0,567.54529936,4600.0,734.61734507,4.743715273758727,2.213877001215573,3300.0,558.73869144,139.06068969158926,,34.87273653241419,,7.5588703618645745,,732.5179677560488,,53.628163308773686,,11.98582042534928,,212.23354378757676,,21.900388688,4.9314189875,3285.5037467,,1.442062286638813,1.4143005900905579,28.152688307532305,,77.8757988533393,,2.996601,,2100.0,449.4751862,53.0,,2800.0,543.85650881,2100.0,428.04231713,1600.0,352.56530825,90.58193330915104,4.491361501887261,97.21715313360909,4.035611919243575,13.274889048693717,4.244605441342832,9.728572388831715,3.1921849569681937,57024.66681260821,7665.745675878994,32385.28201813624,4138.856629857978,20.90872267062183,5.208314693856008,32.45967239038674,9.553832269032192,2.9048266341131206,1.5495722930672537,23.0,,3.6156578767311274,1.3917414853254542,2.419834235983379,0.40211964668801636,11.725567431640766,2.0874191788253595,6782.766151366883,,2.0,,19.0,,20.0,,20.0,,69.0,25.7,74.8722617,
Community area,South Deering,51,14125,41.1,12.7,9000.0,1402.1793163,7800.0,1122.0479968,8.929357206633863,1.7435366348578063,5900.0,1198.6634581,352.334574809629,,27.607659727747635,,11.662702699739286,,1773.3232012339934,,113.77521119132403,,30.312646965748442,,508.08513566644075,,22.067325709,5.1028750754,5517.9847478,,2.179157236785822,1.3154871986853274,30.598732977193592,,70.77016932586206,,1.043805,,5000.0,979.82560986,106.0,,6800.0,1354.0197007,5600.0,1246.8002498,3300.0,842.71031124,80.5271899275587,6.4881776356226855,90.27573866004187,6.727314952465872,12.387697141483756,4.5891610911609035,13.458118623015764,3.9628612256582993,42498.99208494131,7299.800114037269,23810.45654968514,2565.1705265212818,30.371162278169464,6.902494116059635,31.863264069429,8.611689097803307,3.148315000600859,1.544562045506652,60.0,,14.60164334096157,2.492092640131464,12.842554325096735,0.8179074340119965,4.556500507365793,1.7488195679753804,14217.980852218021,,8.0,,54.0,,32.0,,29.0,,50.7,15.5,72.04272378,
Community area,East Side,52,21787,18.6,7.3,13200.0,1840.1946869,12500.0,1702.0338766,13.076064067124959,1.392359235293565,7800.0,1357.4274678,164.0395254626893,,12.978465545749042,,5.726226993020503,,802.7641611530759,,53.74856665280411,,14.332612574141448,,237.84693168265537,,27.191295825,5.4032220426,7435.1878787,,6.183992765123915,1.9040323096854352,17.893039631100446,,23.52764481303304,,5.148392,,5000.0,913.27015802,85.0,,8500.0,1512.4201671,9500.0,1567.4479493,7200.0,1384.5253922,75.16911911566821,3.6865703238467775,84.18513105922082,3.795689206361823,7.899055895675945,1.7716099267024563,14.975027776749712,4.212651698941327,60566.823392827966,6420.937861689167,26996.028859771,1581.8066509057771,16.534700309773797,2.369335220167819,39.80131496628062,8.529532905809646,4.305927387186441,1.3774409571297082,70.0,,24.528354040182393,1.9715192887785042,13.038394826360939,0.912080813426066,10.854885905212738,1.1810521078659533,22816.391382774204,,5.0,,27.0,,20.0,,19.0,,18.6,7.4,77.64784485,
Community area,West Pullman,53,25940,84.6,14.6,16600.0,2543.4492819,16700.0,2585.9505623,9.96552342788488,1.5579293786126192,11800.0,2105.5184958,198.8615839447558,,52.772542356051694,,10.366109821021634,,1135.4511359535973,,76.21555526363636,,18.169329477688816,,303.6125785071026,,36.887906155,6.7115596553,9435.0576502,,2.1686430582374063,1.111313173265441,29.588215629293774,,63.669044817995484,,0.004122,,8100.0,1792.6048001,221.0,,7400.0,1734.6534866,9900.0,2035.2592489,5500.0,1340.7511735,87.53525978313195,4.777120496439336,95.28959060386964,5.951363413377627,19.026139330228645,3.674856969198526,15.18254025446229,2.8566841206042723,49571.2984311261,4286.794336497995,25468.199472916796,1847.1718388180448,23.542399121394862,3.9449440028979836,32.24812959729365,5.305751680257276,6.694277424705361,1.4187336673297855,136.0,,4.127005904023146,1.3729165719383545,1.8277673838534583,0.31813587284147565,1.1261888157023667,0.4737067326253209,24333.394089256817,,9.0,,89.0,,110.0,,102.0,,88.7,16.3,69.9737397,
Community area,Riverdale,54,7229,23.5,18.8,6400.0,1186.0780848,5700.0,1041.0712093,8.215821078266147,2.4548111179509053,3800.0,866.06895617,143.51662444132836,,29.63370524077811,,6.080295326040101,,687.779578521025,,48.16789758072725,,12.368443218976529,,210.13326056707223,,52.068833085,8.6118406378,2916.0329739,,8.864469768017146,3.502881900253853,47.61060659545936,,99.84786046529788,,0.997716,,2000.0,384.39600118,70.0,,2000.0,483.64599319,2300.0,484.66259208,3500.0,950.88259347,86.03776643153984,14.636033249000175,95.63792745953062,15.246882174273235,29.676437617926798,7.669997178911238,41.04812197653569,5.378483350581509,19809.690730225113,5653.985447109559,14407.896933198992,3636.789020350756,55.03115148491095,6.883926224440246,18.254208710845525,6.694455530790272,10.239085648026071,3.858474655647974,44.0,,0.799499517848837,0.5764273474145404,2.114069788103235,0.393510814801277,0.3830116005437383,0.28799990283031124,7500.469193673642,,4.0,,16.0,,13.0,,12.0,,23.5,19.2,75.58299145,
Community area,Hegewisch,55,9884,10.4,4.7,5700.0,1071.7744988,6600.0,1120.5153722,7.670309299536617,2.5100122195041368,5100.0,1048.0388356,41.70863598709934,,2.9721771176273366,,0.806649057105174,,252.08090179931332,,11.841780835412642,,3.161135726517477,,57.51820160613464,,36.200761663,7.1039966421,3684.8321132,,0.13720613177689578,1.0706820587975108,13.964292642011587,,30.894174096210588,,1.973229,,3200.0,655.68630971,30.0,,3900.0,845.2286374,4700.0,858.55623099,2100.0,535.41495971,84.52729694822047,8.04367566949794,93.68693411602541,8.012930380264464,10.916237384846749,4.717073316509827,13.44810334366631,4.666341263194552,58210.9530721216,17021.677285208112,30798.00043877474,2526.0053339348497,11.097052574056846,2.5943227779375104,47.034689261046246,11.221697868586318,3.8898335594878453,1.468078626307658,26.0,,17.375713504879357,3.6644415129574908,12.135168962928176,1.2423056121885534,32.47454265505298,4.772362874010137,8885.929616139747,,6.0,,13.0,,5.0,,5.0,,10.4,4.7,81.65396423,
Community area,Garfield Ridge,56,35352,9.5,3.9,22600.0,2581.3393838,23500.0,2599.0007567,7.042888982888953,0.8826165948607805,14900.0,1878.3161854,65.04806271303589,,14.552439839065082,,1.6067881428347865,,566.6791937088175,,29.051236450309997,,5.238349726287578,,100.94443703246824,,10.60219848,2.6187432076,12710.043775,,2.5702045382782606,0.9186724419551259,12.931711756217418,,47.7369888879815,,22.977846,,9000.0,1558.0256157,146.0,,21200.0,2622.1724529,18000.0,2367.0393205,12700.0,2049.6940416,83.14424764097586,2.722222147797993,91.27670228409958,3.137814521454206,4.333873266059723,1.253232158339985,3.7865107380391914,1.021995367765201,90556.1089271695,6731.618934719497,38139.56357505464,1926.1587824977507,7.321447328276047,1.288321366578408,62.61107830960774,9.911631580496392,4.120699760632669,1.1082616448602416,54.0,,24.61098963793545,1.7582989833850582,25.7241551575286,1.2025139945404815,34.79487317375156,2.24990963443116,36353.39833431987,,16.0,,43.0,,14.0,,14.0,,9.5,3.9,78.55299146,
Community area,Archer Heights,57,14282,6.3,6.8,7200.0,1222.0830768,8900.0,1333.5882866,14.803753554555604,2.3458303912095975,3900.0,787.58426038,97.27591245985359,,14.083135128148477,,2.6570890134767335,,653.8922849412307,,62.1827188968943,,10.149227546027936,,172.26494791625254,,25.907528874,5.3611058798,4473.129585,,10.56532386219978,4.191554550186233,14.336755336755338,,0.5846128682276029,,2.00997,,1700.0,490.06037395,52.0,,5000.0,1029.6234533,5600.0,1084.8155842,4400.0,1037.4403387,70.06758456109982,6.988812658357633,79.4701509872781,7.299078385281653,9.581834435787822,2.712525686803128,4.121370492588158,1.2714716226774343,66618.05562314272,6964.971555637185,26769.007983837793,1578.6291597753413,8.944930979217832,1.970041605859927,73.1507936770398,14.234583468239526,3.3045366086694647,1.3584826140169812,35.0,,45.12762347079062,2.3424227846729253,41.730370482239984,0.9672762709891499,12.102135184018977,1.7018864101621907,14098.460402967827,,3.0,,22.0,,7.0,,7.0,,6.3,6.8,78.72455978,
Community area,Brighton Park,58,45141,9.6,3.6,26900.0,2868.3894401,30400.0,3149.25231,16.42976033189242,1.2684684341199768,16300.0,2220.2300012,134.59953958860663,,20.258334270966206,,3.789720365779102,,892.9319090771021,,86.0015211098827,,13.865170822894536,,238.25595188716295,,41.854964356,4.483686122,13097.637472,,8.289528348109904,1.627480197805727,17.29988069916489,,17.588685669307697,,9.274126,,11800.0,1943.6619836,180.0,,14500.0,2150.4468696,15800.0,2036.4407941,12500.0,1760.0474893,70.40576192043066,2.502975080679638,78.69949943746438,4.03595438953238,9.179231406139184,1.7664261118518672,6.602386156076859,1.8051784882022657,58030.6891623545,3928.6115414245915,24631.570371589805,1310.7116754367908,19.38001860300383,2.767441591443923,45.99608990360392,5.941074228033371,4.415449894242458,1.3375716608758461,117.0,,42.63075923884294,2.0196666590786996,41.40918582474749,0.9448353972884449,7.174984216203555,1.3269784275487573,42213.42485557622,,12.0,,50.0,,29.0,,26.0,,12.2,3.9,81.56287185,
Community area,McKinley Park,59,15927,11.3,6.6,8000.0,1212.8758109,7300.0,1044.6947794,12.351185379063503,1.726898941246258,5800.0,1109.8462618,93.35500183923685,,15.709905181710317,,4.1082257605242924,,552.8742286098019,,57.58368714984405,,7.710375940939014,,162.7572906905442,,21.021574289,5.4077445157,5622.4973486,,3.3354638109844963,1.359087588001967,18.499620076064797,,3.3938326365851266,,5.058228,,3300.0,754.07646489,56.0,,7000.0,1146.4212515,5600.0,1111.8720764,4400.0,1051.7592785,78.5310985431649,4.92055041883114,87.47700718831018,4.853426798540709,8.319463576102969,1.9744530048693223,5.17254150154299,1.94600573297323,76304.92678943263,11622.27412257857,36191.150512864486,2447.201970602329,11.680867980718414,2.289543497727605,74.24445266115568,21.59389876410921,5.677370890070455,1.8910280971197853,17.0,,37.69682982329626,2.8634899069319935,25.57682335880664,0.9706285591555552,14.33428480030192,1.774982888742036,15440.88012020121,,2.0,,22.0,,13.0,,13.0,,11.3,6.6,78.18152367,
Community area,Lake View,6,103048,0.0,0.1,66900.0,5336.9195817,74400.0,5638.4574396,3.487313078458261,0.4868679075484596,60400.0,4879.4159988,135.25245168499345,,19.57940708188792,,1.2312033722822846,,2750.526827911793,,141.02159897910533,,45.55220880345891,,323.05746283984,,21.558973897,2.9007167606,55720.764988,,1.4987462004233996,0.43432366895675134,12.20640529359471,,5.194812480425957,,157.861938,,19000.0,2768.1860597,356.0,,80700.0,5800.1624445,45500.0,4043.531948,39700.0,3861.2728207,98.15846229595778,2.060594648883992,99.09462676457112,2.070603207065969,3.392707365161863,0.5999036924979007,1.886365676549631,0.3909327317290719,116953.06741073627,3766.4159652135704,90549.95169050356,2329.7290606750457,8.130053569034619,0.6323980757330778,80.14922306960365,11.0522898870826,1.4644998540383083,0.2960195129522118,5.0,,12.3314471206023,0.806024443676738,3.4328108964551105,0.4126691393165731,74.3454409519643,1.1934843837699216,101160.75508433078,,40.0,,45.0,,3.0,,2.0,,0.5,0.2,83.03115824,
Community area,Bridgeport,60,33593,0.0,3.0,13900.0,2027.286497,15600.0,2168.7558964,7.800298252073583,0.9861380825394775,11000.0,1791.091884,130.65184848784287,,27.57978072650748,,6.364473054715977,,947.8471843746106,,80.74710072672087,,12.84888417382238,,230.61230644310209,,26.273435238,6.1866822407,13552.006943,,3.485616961891313,0.8830251026204343,17.39231817695453,,35.08111135636426,,7.318441,,6600.0,1361.0056151,106.0,,12100.0,1900.7867741,12400.0,2082.909869,10600.0,2111.9248567,82.65828956080111,3.679844161232814,90.03070639833403,3.274661923695407,6.1217742161907625,1.2074124583617993,4.292294070862422,1.1869117206688204,74268.69396493462,4652.10591123986,39715.43414284364,1676.1674135638657,15.44081327358582,1.9989381014699592,60.91731019108815,10.425697085510462,4.020729474716204,0.9543261696390655,26.0,,36.78411932753977,1.9969718538184111,24.302091171208804,0.8056607471653005,31.461566543494097,1.744405285811048,33001.93342384123,,18.0,,30.0,,6.0,,6.0,,0.0,3.0,81.29897284,
Community area,New City,61,43510,29.2,7.4,18100.0,1964.17616,19900.0,2146.0146855,17.258122023875025,1.5208682553896185,10100.0,1413.9808436,323.14938592892315,,46.23031214114311,,13.410688813875213,,1687.359227684461,,220.13270357205806,,23.975268863359517,,580.6680471782159,,35.265530742,4.5521755733,13839.768239,,6.467696266925161,1.8897360345703806,24.058520726686538,,21.37477489462892,,11.003599,,6400.0,1073.0837034,239.0,,10400.0,1625.0076317,12100.0,1759.6566738,6400.0,1143.5166804,70.5382929134819,3.0520332066117866,81.24062521341519,3.8297573325060768,12.66705807026074,2.138515300056939,11.769344458191402,2.0472946771079243,52448.762898161134,5109.295531210438,22685.42944048389,1090.3178669708102,26.887504487452134,3.297716757810627,52.99869818122744,6.994545885844749,7.032066762949827,1.6788345100732005,212.0,,27.958891860000897,2.0123509900288803,26.774751453707008,1.5885757901347535,8.849007814192786,1.0466507743076074,41661.50870818411,,14.0,,109.0,,72.0,,66.0,,34.4,7.9,75.56000219,
Community area,West Elsdon,62,18249,4.9,1.7,12700.0,1794.6696635,11800.0,1691.9792124,10.508909926369476,1.3543492100250143,7000.0,1354.022939,75.35678839076641,,20.631374541951153,,2.076966377241696,,469.33602805774274,,42.91128777721677,,6.423623206588119,,126.768665751813,,30.208801518,5.8902996839,5504.3149451,,5.025917033444889,2.247127099188977,13.1205721,,23.493522566049492,,8.919569,,5300.0,1104.1937952,85.0,,8900.0,1390.3188147,8600.0,1343.8787801,8000.0,1428.7851032,73.59955543933937,5.479812842643751,84.42185667445817,5.955278371288017,7.605783477858088,2.1133449438901084,10.824131870625939,3.8750258767080297,71293.15085231492,9484.565767651584,29611.59306260178,2586.09443052122,10.592078416769386,4.343062130200811,57.53504866404148,15.985258173981343,3.822257059696146,1.505667005036672,37.0,,35.254260396463124,3.652283228083558,35.16847142127905,0.7682329780056795,12.992538590046976,2.257870819370771,18422.739342729663,,11.0,,21.0,,3.0,,3.0,,4.9,1.7,79.31467081,
Community area,Gage Park,63,39439,13.9,4.7,22600.0,2463.841352,24900.0,2606.8583443,16.078220238511026,1.433760178990526,13700.0,1950.5263799,142.87030527629224,,36.38552533588742,,4.314110389656842,,850.1683388320728,,82.90092637128409,,12.164724988347972,,242.2500670255811,,31.864013586,4.2987908293,10282.110491,,9.442264719558375,2.3551053793061967,17.019680977128797,,20.87080771244868,,3.059832,,10700.0,1943.5794829,163.0,,13400.0,2070.1042859,14700.0,2146.1811671,13000.0,1931.5930662,67.19053877806344,2.1531960299659723,78.36088360561196,1.7308712918368616,12.955063888927763,2.3373182762185567,9.594048183468585,2.048617740228096,57208.53519374921,5469.503888268175,21573.34841403471,1060.7462194017894,15.629432763092593,2.363843912760886,54.62957374913327,12.736870154943277,6.975990804004835,1.9150715562874503,141.0,,39.363603708991455,2.2809032244927896,34.900755740330524,0.6701572714335589,2.2206647462335676,0.5014231565098702,35639.02180351311,,9.0,,44.0,,35.0,,29.0,,16.3,5.8,82.87251497,
Community area,Clearing,64,24519,4.2,2.0,14300.0,1995.0868197,17000.0,2332.4068345,6.803669336521941,1.1206185300510492,11300.0,1905.3833808,43.46946576591537,,12.760579575184057,,1.0871840035006226,,362.7154062700033,,18.074765716889928,,3.0131750564464195,,65.64459054275234,,25.87821242,5.7652009395,8944.1632291,,3.5007111957619634,1.4061128128974663,13.765308679630193,,49.14776097214866,,4.043614,,7400.0,1615.054909,121.0,,13300.0,2066.1851157,13200.0,1946.4164963,9300.0,1709.3757945,85.7627159251621,4.581219475741898,91.72633187624847,4.61283695308366,8.51206585567038,2.994819196355886,6.18146468473352,1.704860430593078,78549.77098894604,8704.833682279086,33725.377908094306,2080.1390863975557,7.937468131877858,1.5604898189410543,56.01724410583179,14.18350016728942,4.742407516431166,1.3886485772792612,33.0,,24.18577270362372,3.0795591869406476,22.79932195752507,1.2890650737265852,32.19685535256445,2.5513922334041053,24962.263239354284,,20.0,,34.0,,7.0,,6.0,,4.2,2.9,79.44959537,
Community area,West Lawn,65,33543,8.1,4.2,20700.0,2487.0648009,20900.0,2467.0228313,15.086600493090788,1.3948800096177258,11600.0,1856.2158315,200.6106112786695,,65.56772398133768,,5.865545220705767,,1241.8500152393035,,102.80534586294687,,15.16558402304491,,324.447086385367,,21.84318034,4.235983277,9591.9057933,,8.536748388332704,2.2744560988394418,14.535916643666578,,33.47657325984142,,16.94129,,8300.0,1398.5687545,137.0,,15900.0,2162.3509542,13200.0,1982.3992023,10200.0,1779.9523626,74.25183478673523,3.195241891833059,84.52351253240721,4.466807015000235,7.876475424546837,1.7223736146288597,6.0692922458146,1.8381960316484505,72859.84369476068,6115.784088994562,26359.704002846724,1536.7899853885199,15.318163288400642,4.231648420742552,69.4889784195346,14.57230473051743,1.5399644208203465,0.7479832158399636,71.0,,35.72100233289599,2.042842565270952,28.280101379262113,0.9997302416485445,10.084481148186327,1.500963171558862,32530.905708121878,,9.0,,32.0,,18.0,,18.0,,8.1,4.2,80.39168001,
Community area,Chicago Lawn,66,55789,33.3,7.2,27400.0,3251.9340506,27600.0,3221.0829103,18.12787742148888,1.6508428028535564,17000.0,2513.1548726,306.74469270238217,,110.36683065872576,,9.278368876028367,,1685.167629892172,,158.07029918342027,,22.34618115154294,,496.4395419133738,,36.687440962,5.1139069948,17513.562493,,5.783115292236257,1.4225935407093937,29.3039716960283,,27.080991698263556,,9.0027,,13100.0,2127.8918652,345.0,,17400.0,2695.958262,14700.0,2454.5375211,13100.0,2302.3512655,75.43843158641607,3.2566566763205986,85.96519519712024,3.2266328119802314,14.350038371550646,2.0452098352523986,8.893583323330018,2.101593475295711,49281.71903224503,4958.073090333765,23129.53080963693,1786.1752518487235,22.409071003029663,2.9611988104835243,36.191617897003425,5.82658691084446,4.398299563404136,1.145737827346859,280.0,,28.367253873601424,2.3803327976063815,28.456218826337764,1.0329990124303852,2.0241313862486603,0.4395216754435639,53332.72322555609,,18.0,,146.0,,104.0,,99.0,,36.8,7.5,75.68339525,
Community area,West Englewood,67,29899,74.5,14.6,19200.0,2304.9355322,17000.0,2018.5881046,17.400258493388545,1.3757425715623521,12200.0,1667.2620938,399.9663742659655,,156.61726233712048,,15.448340633621095,,1613.9783548512485,,189.22885503671807,,27.699606988932224,,632.343176925237,,42.534160774,5.3036563941,9879.2492012,,2.497605587737908,1.2567845425821826,36.437522337879734,,63.500660223688065,,4.009134,,9300.0,1553.4712967,286.0,,9700.0,1812.6037,10900.0,1695.9904573,8300.0,1575.5406133,76.12614598656134,2.9864912020683585,91.92635636938058,4.391653429163328,20.31432383999657,3.296027640378551,13.143177855178099,2.288235472103082,37786.82032442391,3010.8811238451885,20384.04562642285,1034.2992436749123,33.0244349992234,3.23992140822399,34.98816959293333,5.550674024365742,7.316046347328891,1.1416967060024528,164.0,,9.82018562293167,1.4789075863073329,10.870335819506392,1.5771160370833188,0.6214033236656891,0.257888945618892,26925.844856992237,,18.0,,174.0,,125.0,,111.0,,85.4,15.8,68.63104345,
Community area,Englewood,68,24322,91.3,17.3,14000.0,1848.5927287,12600.0,1730.1308123,12.410046199976522,1.6328184006302486,10900.0,1826.752487,503.6905319013337,,155.143225058263,,20.12563268191871,,2069.136841179613,,241.79243668005648,,37.000804991746094,,802.6094062550552,,51.774634971,6.4828535961,9176.9168895,,0.7708863983732913,0.9389878571721665,40.287103187103185,,22.253461700207453,,19.990883,,6600.0,1298.2894617,263.0,,6400.0,1214.9936016,7500.0,1389.4748557,4800.0,1111.3229058,76.90635876155288,3.1627071232466886,94.47713358845512,5.341612721546922,20.255479114385857,3.4155258260245462,14.356502724309133,3.0900525474593734,30723.34733710356,3451.349636328146,19348.627641892195,1209.6389763612185,32.27396019764492,3.419494521934462,27.75680543327583,6.4151897910906985,7.9341434883415785,1.7139893436935154,140.0,,4.4469403044048255,0.982909062115115,4.96381078146621,1.3209068539543964,1.3287266595813523,0.5117412083890334,21377.178172420572,,7.0,,153.0,,118.0,,106.0,,105.5,18.9,67.65982022,
Community area,Greater Grand Crossing,69,31543,75.8,14.1,15800.0,2303.5016605,15700.0,2283.3823714,8.544637572376105,1.3787475379184673,10700.0,1647.4660828,503.681611558045,,79.40194668039436,,23.79223970866479,,2456.5284938482346,,219.04537586975505,,40.39514838225375,,786.9143755187187,,41.792283305,6.3060481133,12648.737351,,2.846443293827798,1.5899593509592829,36.91356023560237,,10.555586288562568,,3.018839,,7100.0,1379.1333537,296.0,,6700.0,1524.6844593,8900.0,1683.3869347,6200.0,1482.1304588,86.58273000137395,2.752230696424863,96.98496574637335,3.9699243421310246,15.426906110505023,2.4408026548021815,17.150905691265454,2.571554393498673,43894.2948665627,4308.184096207731,25353.96983358433,1403.4815407877832,27.436848288602334,2.7656972576959062,31.561366603123926,5.3381254874916575,6.166276395678691,1.5277020507211116,169.0,,3.987714995127976,1.467454604992999,3.124968657199282,0.3798724415387125,1.138500076854065,0.42534607719727524,29636.650037390667,,12.0,,137.0,,125.0,,113.0,,90.1,15.5,71.6763893,
Community area,Lincoln Park,7,70425,0.0,1.7,45000.0,4768.7329549,45900.0,4720.3413363,1.9734583801549388,0.40782307270882706,36700.0,4058.3973517,70.26246201154434,,10.08458900616631,,0.8744996498623501,,2441.8295498177336,,100.97660284692161,,16.77606373282617,,188.88962824115447,,22.146397936,4.1662506493,32639.773572,,1.074212943223599,0.43100565946280456,12.331446860384062,,4.68280359213997,,127.165964,,10600.0,2177.7310436,259.0,,41300.0,4220.5585091,30400.0,3601.3113061,23600.0,3131.8569427,98.0184546533187,2.8617744332571444,98.95956829723265,2.8837134695655045,3.766018104740219,0.7365567133581624,1.051481731897061,0.32925030238691627,157079.61396236997,7806.202189369617,112835.19405984636,3680.015981378565,8.340890955051295,0.9357307489722768,75.96249647092587,12.672756184719502,1.3693971219212433,0.3432372246469467,5.0,,13.300308179735358,1.4225191384135487,2.946678668573547,0.4290256042472442,77.76156649634125,1.6627384353418637,67763.85525632153,,13.0,,23.0,,7.0,,6.0,,0.0,2.0,83.27656584,
Community area,Ashburn,70,41280,25.3,5.4,22000.0,2423.5262322,26400.0,2886.8111115,11.378077621119424,1.1783909882184231,18800.0,2539.1305348,183.3373092675922,,22.777032134523434,,8.971818203585553,,1367.8901115340402,,73.40937819601687,,14.66959811195621,,280.3881037791508,,12.287689085,3.3925884926,13528.065588,,3.6579866305748694,1.0270720007036984,15.957447993647838,,68.21325812723325,,6.029328,,12800.0,1795.8866317,208.0,,22000.0,2695.4841546,18700.0,2559.1530604,13000.0,2134.824319,80.96045506255638,3.080885051827554,90.92424882523116,3.4668349456283294,9.33430352082804,1.6342739099563988,7.474508463352354,1.7734542000309206,82939.16766286714,5876.596293173668,30328.59507703598,1266.9712725925917,16.15742152460757,2.4593305142445216,67.26836399650975,11.634046363286364,3.8089436650408635,1.281853081923564,83.0,,17.001945953324714,1.3872522736835244,13.255006689766073,1.0678056245286613,8.518415550063944,1.115715383036334,42255.071068608195,,19.0,,49.0,,46.0,,45.0,,25.3,5.6,77.58704942,
Community area,Auburn Gresham,71,44959,67.7,10.4,33700.0,4583.4721856,31800.0,4368.728653,8.151597223741474,1.0093601087416024,20900.0,3387.8297127,442.8842644345219,,84.28056730039742,,24.762011229182782,,2249.828982067143,,215.82156117215484,,25.541675577985814,,709.0095124138454,,45.734277968,6.3982539568,17943.960167,,3.0019253975178044,1.0132925156797787,29.860550899999996,,25.241902601546627,,6.997684,,17000.0,3322.2182531,340.0,,18600.0,3241.6150169,18200.0,3200.1367892,12000.0,2561.649955,85.44360266044026,2.8356082696651383,96.12218411773665,4.101568343747111,17.799706721170654,2.152519540111214,14.592818804728173,1.9576248587628113,47086.7099343388,3018.344680494562,24754.62481390038,1092.2120180292752,25.278327480387286,2.8095896651134193,41.05434744128259,5.99120411898038,3.941916502095927,0.8065793857196345,180.0,,3.3200319588836757,1.12121947132707,1.7414051235517254,0.46024460728673344,0.7888072998998525,0.3308525209011087,45108.97227820611,,21.0,,188.0,,164.0,,147.0,,79.6,11.8,71.2228777,
Community area,Beverly,72,19950,6.3,3.6,11900.0,1696.6444964,12800.0,1792.5669645,2.5804347728313384,0.8107355466826113,10700.0,1589.1821218,92.97328193419756,,26.177839078495513,,3.3207836615723267,,744.658953530005,,37.09535905057381,,10.994061805887787,,144.38348645223147,,19.18123465,5.382351113,7424.452612,,0.6529630589878809,0.8875249127189158,10.442177517017793,,50.25453852241899,,30.031387,,5000.0,1119.4559514,96.0,,10800.0,1598.5354114,9400.0,1485.3349118,7200.0,1316.5012692,97.6349344325963,4.304220609000794,99.5200488418425,4.344462690200279,8.470131398255855,2.0854231954717823,3.4166499890513484,1.2221244712826447,127240.85879631311,9101.531689777637,66325.16723731259,4622.312710400346,5.833902973999706,2.5833450433395515,65.1261390009788,21.30634744309522,3.0462970983404034,1.0880729371120366,9.0,,3.5375224423254656,0.7377600482754246,0.709748364063997,0.2862436164472201,56.668140932738076,3.572049963670887,19603.251500604812,,12.0,,18.0,,5.0,,5.0,,6.3,3.6,80.56583869,
Community area,Washington Heights,73,25075,56.8,11.8,17900.0,2720.7796105,17800.0,2667.1957806,6.917095529800552,1.1625442319450594,12700.0,2254.1904374,201.10893313220942,,44.740050041077986,,10.420001447601406,,1148.9753593455616,,90.15059042200522,,15.1703177511167,,316.8498427529328,,22.791276358,5.2831230311,9538.9194949,,0.4949953480227729,0.771717445853625,26.125851361919068,,64.8556030826281,,2.963017,,9500.0,2309.2386504,172.0,,13700.0,2781.3318757,11100.0,2583.2311659,9100.0,2483.5065286,90.01605202821261,3.4034229621824017,98.37502212770386,3.775190794673215,10.854453852571325,2.288166459809729,8.25793385469698,2.0537669131398197,69873.80798954082,3924.4219031950906,31651.05088971129,2491.267117029846,15.60712650284469,2.5094962386593638,34.27231931586374,6.276410692012131,6.003540078426668,1.64909256605961,73.0,,1.5435798164146048,0.5403338665374084,1.4227104122891328,0.2588932044257764,1.301208449930197,0.4805454789371062,25214.85955121029,,10.0,,88.0,,67.0,,62.0,,62.2,13.8,72.15021166,
Community area,Mount Greenwood,74,18633,0.0,,11300.0,1588.4467577,11300.0,1574.5836697,3.119913935559172,0.8754453249397787,9200.0,1458.1306398,18.16618446903684,,5.41294042524515,,0.0,,214.78469839886512,,8.403662672298452,,3.0429131649988967,,29.612760306334188,,23.759854853,5.9046624257,7172.1368604,,1.6048173990620345,1.0528359388146424,10.26432729356399,,62.78466791849135,,4.020193,,6300.0,1180.6518215,83.0,,10400.0,1492.9331878,9900.0,1445.814495,4300.0,931.11664562,96.03525267543064,2.8309909217843034,97.28146240611491,2.9208268954693173,4.555976030736334,1.6739428653826376,4.278800344554835,1.3924330677163632,113203.63154588155,8740.07522007718,51451.817030238024,2285.659597068004,5.745868838689871,1.5996446699135143,90.42215542307234,40.26783856534511,1.5573234138422127,0.728862051403475,4.0,,1.8297135352603693,0.5843162122497726,0.6848827491972258,0.43497977120239284,81.16766094905273,3.565410165311007,18557.837773275543,,17.0,,18.0,,0.0,,0.0,,0.0,,79.75868256,
Community area,Morgan Park,75,21714,36.0,12.5,10300.0,1692.1734997,11900.0,1981.1625508,5.472393344607112,1.3025023274194865,7500.0,1424.2551244,95.39264255885989,,26.865679683864894,,3.412978244555037,,762.7326969599043,,38.03512227846447,,11.274698072486514,,148.11544115436593,,29.431383899,7.2843433054,8653.6503022,,1.0361970348011704,0.97874163248892,21.877758511034045,,32.350855661418606,,11.647625,,6500.0,1454.3653035,112.0,,11400.0,1951.6257383,9400.0,1819.5971616,7300.0,1639.570489,93.65204663138708,6.036226690158266,97.92185967814875,6.2621550928656795,7.591596236993457,2.4320388043970507,8.811398953442039,2.060555872434069,76704.65544683824,6633.028171380087,39487.371899484606,2383.4069186105703,12.721599709511528,3.2168816696561944,38.263954869437775,7.161786743049183,2.5860148188716776,1.1915364807156712,52.0,,4.712324067981873,1.765274075777285,0.718591969433775,0.28220383520386244,28.84303062887763,2.555641529496939,21832.455011207854,,8.0,,38.0,,43.0,,39.0,,44.2,13.3,75.52447179,
Community area,O'Hare,76,14416,0.0,1.9,6400.0,1173.2918201,6800.0,1218.7845491,16.040249809014043,2.3315893228822864,3900.0,780.80671843,52.04814174128222,,13.556562148703826,,0.2970198349908767,,714.6863713422989,,19.291584470529642,,8.805227318234188,,80.44197336503693,,,,7024.8963227,,4.572332190788293,1.4865985638983203,16.382905497432983,,75.77128405493244,,0.402549,,1800.0,460.46885861,54.0,,6100.0,1121.1796325,5400.0,1086.3245943,3200.0,788.89844225,91.37809529797634,7.587287986139861,96.6588421877945,7.77350583212397,3.9898992822549455,1.6260594617411022,2.5778864518775015,1.2737443052706767,75466.65376164227,7918.837897783292,42749.41391956311,3339.6898825807884,8.136384983313638,2.6080784550580036,58.729044180967726,11.471183461827374,1.271630061056766,0.5962661193173162,6.0,,56.55471325241421,2.4098244618089284,22.561901399598494,0.8760825468349318,60.83402504489561,5.2396746149708155,14996.912203419277,,7.0,,13.0,,2.0,,2.0,,0.0,1.9,83.83781222,
Community area,Edgewater,77,56308,3.2,1.7,39600.0,3931.1520867,45800.0,4394.6981477,9.675867579624354,1.1883867778429522,32600.0,3555.9088291,122.8346524113254,,20.080216489648485,,2.4604474349242964,,1505.4301724118004,,81.03553650230094,,30.929208940139677,,237.25984528869031,,17.863913918,3.2793607635,29464.861521,,3.2002155216129218,0.6121692961135476,17.209467890532103,,0.0015165122300944726,,15.900459,,16000.0,2507.4712382,170.0,,41500.0,4522.5300511,28600.0,3614.3250349,28900.0,3583.4803598,93.46971053999371,3.2091864709071403,97.05002378368226,3.3146602692300977,7.2324236418841,1.1743567899771254,1.6053688620186077,0.41708161708281194,74954.6500870636,2776.271512500032,54939.985754838046,2210.942197542242,14.071231654284016,1.2437149840221717,66.44771866872833,14.537731351808219,3.1054715771184767,0.49817743176749535,30.0,,25.59858225216007,2.0824677242078873,13.788840225013338,1.6729467397451983,53.60838593541422,1.821863990870683,56157.10713686475,,48.0,,86.0,,14.0,,10.0,,3.2,3.0,80.68201483,
Community area,Near North Side,8,97789,1.2,1.6,65800.0,3815.5346298,65900.0,3780.4535102,3.1133041628656177,0.5231993190672408,55400.0,3544.5334842,263.72620173351265,,107.61804267481817,,4.820588700280843,,4637.1321547160105,,296.8659913251992,,81.85879087883792,,647.2715726378307,,31.535807537,2.3334787867,61317.587051,,2.1182430288026195,0.4612950885373609,13.839424500000002,,0.0034727666189065766,,353.796743,,20100.0,2017.6328607,382.0,,66600.0,3902.3981986,54300.0,3485.6186672,34700.0,2788.6364678,98.2214666574822,2.1253761663530515,99.4805856170236,2.166075693553437,3.069717267665003,0.5917085269241437,1.465380427606652,0.467994485492754,127996.48242165904,5966.225825539095,120962.22222320546,4056.744924391804,9.716462287052586,1.0554862629806416,85.29374178096431,11.647151669378712,1.4321615749291177,0.40492665242071263,32.0,,17.46380739886255,1.225524812719905,4.287442701608862,0.6889740760739635,67.80905752158111,1.366689859894382,97384.9665124722,,46.0,,77.0,,17.0,,14.0,,1.2,1.9,84.78667116,
Community area,Edison Park,9,11521,0.0,2.1,6100.0,949.12856443,6700.0,972.62964244,1.6476596841790323,0.9479968544358234,5200.0,906.26349014,4.555572624312931,,0.9356842402856184,,0.0,,97.55676114658736,,1.5979591355802334,,1.930254857779329,,8.083786617672493,,19.346312836,6.7979880223,4513.5819063,,1.2571041493592616,1.5950347480683809,8.933791248902462,,26.390318815260862,,0.013196,,2900.0,683.30937687,37.0,,6200.0,940.44709422,5600.0,915.33687056,3200.0,734.63110122,98.33129992158132,5.256262635463411,99.70052540580842,5.300680338840929,2.564102918605516,1.8078200825308133,1.043595277095118,1.1259809620829817,130497.55969277596,9709.134349302916,66501.1096230126,5272.663477542228,6.920332450309778,2.1759390713216002,99.99974049186622,39.02138397687069,0.6946947749866363,0.6908225011325533,0.0,,10.65962570390374,2.116983134564797,7.221972142145392,1.260847303078573,80.67140952446222,2.1478394201177755,11199.444501889411,,9.0,,14.0,,1.0,,1.0,,0.0,2.1,80.46780575,
